/*
MySQL Backup
Database: db_sitemon
Backup Time: 2022-06-30 16:29:21
*/

SET FOREIGN_KEY_CHECKS=0;
DROP TABLE IF EXISTS `db_sitemon`.`auth_activation_attempts`;
DROP TABLE IF EXISTS `db_sitemon`.`auth_groups`;
DROP TABLE IF EXISTS `db_sitemon`.`auth_groups_permissions`;
DROP TABLE IF EXISTS `db_sitemon`.`auth_groups_users`;
DROP TABLE IF EXISTS `db_sitemon`.`auth_logins`;
DROP TABLE IF EXISTS `db_sitemon`.`auth_permissions`;
DROP TABLE IF EXISTS `db_sitemon`.`auth_reset_attempts`;
DROP TABLE IF EXISTS `db_sitemon`.`auth_tokens`;
DROP TABLE IF EXISTS `db_sitemon`.`auth_users_permissions`;
DROP TABLE IF EXISTS `db_sitemon`.`migrations`;
DROP TABLE IF EXISTS `db_sitemon`.`tb_bidangbalai`;
DROP TABLE IF EXISTS `db_sitemon`.`tb_bidangbalai_detail`;
DROP TABLE IF EXISTS `db_sitemon`.`tb_dokumenkak`;
DROP TABLE IF EXISTS `db_sitemon`.`tb_indikator_kegiatan`;
DROP TABLE IF EXISTS `db_sitemon`.`tb_indikator_subkegiatan`;
DROP TABLE IF EXISTS `db_sitemon`.`tb_kegiatan`;
DROP TABLE IF EXISTS `db_sitemon`.`tb_program`;
DROP TABLE IF EXISTS `db_sitemon`.`tb_subkegiatan`;
DROP TABLE IF EXISTS `db_sitemon`.`tb_tahapankak`;
DROP TABLE IF EXISTS `db_sitemon`.`tb_urusan_daerah`;
DROP TABLE IF EXISTS `db_sitemon`.`users`;
DROP VIEW IF EXISTS `db_sitemon`.`view_bidangbalai_detail`;
CREATE TABLE `auth_activation_attempts` (
  `id` int(11) unsigned NOT NULL AUTO_INCREMENT,
  `ip_address` varchar(255) NOT NULL,
  `user_agent` varchar(255) NOT NULL,
  `token` varchar(255) DEFAULT NULL,
  `created_at` datetime NOT NULL,
  PRIMARY KEY (`id`)
) ENGINE=InnoDB DEFAULT CHARSET=utf8;
CREATE TABLE `auth_groups` (
  `id` int(11) unsigned NOT NULL AUTO_INCREMENT,
  `name` varchar(255) NOT NULL,
  `description` varchar(255) NOT NULL,
  PRIMARY KEY (`id`)
) ENGINE=InnoDB AUTO_INCREMENT=3 DEFAULT CHARSET=utf8;
CREATE TABLE `auth_groups_permissions` (
  `group_id` int(11) unsigned NOT NULL DEFAULT 0,
  `permission_id` int(11) unsigned NOT NULL DEFAULT 0,
  KEY `auth_groups_permissions_permission_id_foreign` (`permission_id`),
  KEY `group_id_permission_id` (`group_id`,`permission_id`),
  CONSTRAINT `auth_groups_permissions_group_id_foreign` FOREIGN KEY (`group_id`) REFERENCES `auth_groups` (`id`) ON DELETE CASCADE,
  CONSTRAINT `auth_groups_permissions_permission_id_foreign` FOREIGN KEY (`permission_id`) REFERENCES `auth_permissions` (`id`) ON DELETE CASCADE
) ENGINE=InnoDB DEFAULT CHARSET=utf8;
CREATE TABLE `auth_groups_users` (
  `group_id` int(11) unsigned NOT NULL DEFAULT 0,
  `user_id` int(11) unsigned NOT NULL DEFAULT 0,
  KEY `auth_groups_users_user_id_foreign` (`user_id`),
  KEY `group_id_user_id` (`group_id`,`user_id`),
  CONSTRAINT `auth_groups_users_group_id_foreign` FOREIGN KEY (`group_id`) REFERENCES `auth_groups` (`id`) ON DELETE CASCADE,
  CONSTRAINT `auth_groups_users_user_id_foreign` FOREIGN KEY (`user_id`) REFERENCES `users` (`id`) ON DELETE CASCADE
) ENGINE=InnoDB DEFAULT CHARSET=utf8;
CREATE TABLE `auth_logins` (
  `id` int(11) unsigned NOT NULL AUTO_INCREMENT,
  `ip_address` varchar(255) DEFAULT NULL,
  `email` varchar(255) DEFAULT NULL,
  `user_id` int(11) unsigned DEFAULT NULL,
  `date` datetime NOT NULL,
  `success` tinyint(1) NOT NULL,
  PRIMARY KEY (`id`),
  KEY `email` (`email`),
  KEY `user_id` (`user_id`)
) ENGINE=InnoDB AUTO_INCREMENT=37 DEFAULT CHARSET=utf8;
CREATE TABLE `auth_permissions` (
  `id` int(11) unsigned NOT NULL AUTO_INCREMENT,
  `name` varchar(255) NOT NULL,
  `description` varchar(255) NOT NULL,
  PRIMARY KEY (`id`)
) ENGINE=InnoDB AUTO_INCREMENT=4 DEFAULT CHARSET=utf8;
CREATE TABLE `auth_reset_attempts` (
  `id` int(11) unsigned NOT NULL AUTO_INCREMENT,
  `email` varchar(255) NOT NULL,
  `ip_address` varchar(255) NOT NULL,
  `user_agent` varchar(255) NOT NULL,
  `token` varchar(255) DEFAULT NULL,
  `created_at` datetime NOT NULL,
  PRIMARY KEY (`id`)
) ENGINE=InnoDB DEFAULT CHARSET=utf8;
CREATE TABLE `auth_tokens` (
  `id` int(11) unsigned NOT NULL AUTO_INCREMENT,
  `selector` varchar(255) NOT NULL,
  `hashedValidator` varchar(255) NOT NULL,
  `user_id` int(11) unsigned NOT NULL,
  `expires` datetime NOT NULL,
  PRIMARY KEY (`id`),
  KEY `auth_tokens_user_id_foreign` (`user_id`),
  KEY `selector` (`selector`),
  CONSTRAINT `auth_tokens_user_id_foreign` FOREIGN KEY (`user_id`) REFERENCES `users` (`id`) ON DELETE CASCADE
) ENGINE=InnoDB DEFAULT CHARSET=utf8;
CREATE TABLE `auth_users_permissions` (
  `user_id` int(11) unsigned NOT NULL DEFAULT 0,
  `permission_id` int(11) unsigned NOT NULL DEFAULT 0,
  KEY `auth_users_permissions_permission_id_foreign` (`permission_id`),
  KEY `user_id_permission_id` (`user_id`,`permission_id`),
  CONSTRAINT `auth_users_permissions_permission_id_foreign` FOREIGN KEY (`permission_id`) REFERENCES `auth_permissions` (`id`) ON DELETE CASCADE,
  CONSTRAINT `auth_users_permissions_user_id_foreign` FOREIGN KEY (`user_id`) REFERENCES `users` (`id`) ON DELETE CASCADE
) ENGINE=InnoDB DEFAULT CHARSET=utf8;
CREATE TABLE `migrations` (
  `id` bigint(20) unsigned NOT NULL AUTO_INCREMENT,
  `version` varchar(255) NOT NULL,
  `class` varchar(255) NOT NULL,
  `group` varchar(255) NOT NULL,
  `namespace` varchar(255) NOT NULL,
  `time` int(11) NOT NULL,
  `batch` int(11) unsigned NOT NULL,
  PRIMARY KEY (`id`)
) ENGINE=InnoDB AUTO_INCREMENT=2 DEFAULT CHARSET=utf8;
CREATE TABLE `tb_bidangbalai` (
  `id_bidangbalai` int(5) NOT NULL,
  `bidangbalai` varchar(255) DEFAULT NULL,
  `alamat` varchar(255) DEFAULT NULL,
  PRIMARY KEY (`id_bidangbalai`)
) ENGINE=InnoDB DEFAULT CHARSET=latin1;
CREATE TABLE `tb_bidangbalai_detail` (
  `id_bidangbalai_detail` int(5) NOT NULL AUTO_INCREMENT,
  `id_bidangbalai` int(5) DEFAULT NULL,
  `id_subkegiatan` int(5) DEFAULT NULL,
  PRIMARY KEY (`id_bidangbalai_detail`),
  KEY `fk_tb_bidangbalai_memiliki_tb_bidangbalai_1` (`id_bidangbalai`) USING BTREE,
  KEY `fk_tb_bidangbalai_memiliki_tb_subkegiatan_1` (`id_subkegiatan`) USING BTREE,
  CONSTRAINT `tb_bidangbalai_detail_ibfk_1` FOREIGN KEY (`id_bidangbalai`) REFERENCES `tb_bidangbalai` (`id_bidangbalai`) ON DELETE NO ACTION ON UPDATE NO ACTION,
  CONSTRAINT `tb_bidangbalai_detail_ibfk_4` FOREIGN KEY (`id_subkegiatan`) REFERENCES `tb_subkegiatan` (`id_subkegiatan`) ON DELETE NO ACTION ON UPDATE NO ACTION
) ENGINE=InnoDB AUTO_INCREMENT=251 DEFAULT CHARSET=latin1 ROW_FORMAT=DYNAMIC;
CREATE TABLE `tb_dokumenkak` (
  `id_dokumen` int(5) NOT NULL,
  `id_bidangbalai` int(5) NOT NULL,
  `id_subkegiatan` int(5) NOT NULL,
  `nama_dokumen` varchar(255) NOT NULL,
  `id_tahapankak` int(5) DEFAULT NULL,
  `filename` varchar(255) DEFAULT NULL,
  `data_dukung` varchar(255) NOT NULL,
  `tahun` int(5) DEFAULT NULL,
  PRIMARY KEY (`id_dokumen`),
  KEY `tb_dokumenkak_ibfk_1` (`id_bidangbalai`),
  KEY `tb_dokumenkak_ibfk_2` (`id_subkegiatan`),
  KEY `tb_dokumenkak_ibfk_3` (`id_tahapankak`),
  CONSTRAINT `tb_dokumenkak_ibfk_1` FOREIGN KEY (`id_bidangbalai`) REFERENCES `tb_bidangbalai` (`id_bidangbalai`) ON DELETE NO ACTION ON UPDATE NO ACTION,
  CONSTRAINT `tb_dokumenkak_ibfk_2` FOREIGN KEY (`id_subkegiatan`) REFERENCES `tb_subkegiatan` (`id_subkegiatan`) ON DELETE NO ACTION ON UPDATE NO ACTION,
  CONSTRAINT `tb_dokumenkak_ibfk_3` FOREIGN KEY (`id_tahapankak`) REFERENCES `tb_tahapankak` (`id_tahapankak`) ON DELETE NO ACTION ON UPDATE NO ACTION
) ENGINE=InnoDB DEFAULT CHARSET=latin1 ROW_FORMAT=DYNAMIC;
CREATE TABLE `tb_indikator_kegiatan` (
  `id_indikator_kegiatan` int(5) NOT NULL AUTO_INCREMENT,
  `id_kegiatan` int(5) DEFAULT NULL,
  `id_bidangbalai` int(5) DEFAULT NULL,
  `indikator_kegiatan` varchar(500) DEFAULT NULL,
  `satuan` varchar(255) DEFAULT NULL,
  `target_2022` int(5) DEFAULT NULL,
  `target_2023` int(5) DEFAULT NULL,
  PRIMARY KEY (`id_indikator_kegiatan`)
) ENGINE=InnoDB AUTO_INCREMENT=98 DEFAULT CHARSET=latin1;
CREATE TABLE `tb_indikator_subkegiatan` (
  `id_indikator_subkegiatan` int(5) NOT NULL AUTO_INCREMENT,
  `id_subkegiatan` int(5) DEFAULT NULL,
  `id_bidangbalai` int(5) DEFAULT NULL,
  `indikator_subkegiatan` varchar(255) DEFAULT NULL,
  `satuan` varchar(255) DEFAULT NULL,
  `target_2022` int(10) DEFAULT NULL,
  `pagu_2022` bigint(20) DEFAULT NULL,
  `target_2023` int(10) DEFAULT NULL,
  `pagu_2023` bigint(20) DEFAULT NULL,
  PRIMARY KEY (`id_indikator_subkegiatan`),
  KEY `fk_tb_indikatorsubkegiatan_tb_subkegiatan_1` (`id_subkegiatan`) USING BTREE,
  KEY `fk_tb_indikatorsubkegiatan_tb_bidangbalai_1` (`id_bidangbalai`) USING BTREE,
  CONSTRAINT `fk_tb_indikatorsubkegiatan_tb_bidangbalai_1` FOREIGN KEY (`id_bidangbalai`) REFERENCES `tb_bidangbalai` (`id_bidangbalai`) ON DELETE NO ACTION ON UPDATE NO ACTION,
  CONSTRAINT `fk_tb_indikatorsubkegiatan_tb_subkegiatan_1` FOREIGN KEY (`id_subkegiatan`) REFERENCES `tb_subkegiatan` (`id_subkegiatan`) ON DELETE NO ACTION ON UPDATE NO ACTION
) ENGINE=InnoDB AUTO_INCREMENT=253 DEFAULT CHARSET=latin1 ROW_FORMAT=DYNAMIC;
CREATE TABLE `tb_kegiatan` (
  `id_kegiatan` int(5) NOT NULL,
  `kode_kegiatan` varchar(255) DEFAULT NULL,
  `id_program` int(5) DEFAULT NULL,
  `kegiatan` varchar(255) DEFAULT NULL,
  PRIMARY KEY (`id_kegiatan`),
  KEY `tb_kegiatan_ibfk_1` (`id_program`),
  CONSTRAINT `tb_kegiatan_ibfk_1` FOREIGN KEY (`id_program`) REFERENCES `tb_program` (`id_program`) ON DELETE NO ACTION ON UPDATE NO ACTION
) ENGINE=InnoDB DEFAULT CHARSET=latin1 ROW_FORMAT=DYNAMIC;
CREATE TABLE `tb_program` (
  `id_program` int(5) NOT NULL,
  `id_urusan` int(5) DEFAULT NULL,
  `kode_program` varchar(255) DEFAULT NULL,
  `program` varchar(255) DEFAULT NULL,
  PRIMARY KEY (`id_program`),
  KEY `tb_program_ibfk_1` (`id_urusan`),
  CONSTRAINT `tb_program_ibfk_1` FOREIGN KEY (`id_urusan`) REFERENCES `tb_urusan_daerah` (`id_urusan`) ON DELETE NO ACTION ON UPDATE NO ACTION
) ENGINE=InnoDB DEFAULT CHARSET=latin1 ROW_FORMAT=DYNAMIC;
CREATE TABLE `tb_subkegiatan` (
  `id_subkegiatan` int(5) NOT NULL,
  `kode_subkegiatan` varchar(255) DEFAULT NULL,
  `id_kegiatan` int(5) DEFAULT NULL,
  `subkegiatan` varchar(500) DEFAULT NULL,
  PRIMARY KEY (`id_subkegiatan`),
  KEY `tb_subkegiatan_ibfk_1` (`id_kegiatan`) USING BTREE,
  CONSTRAINT `tb_subkegiatan_ibfk_1` FOREIGN KEY (`id_kegiatan`) REFERENCES `tb_kegiatan` (`id_kegiatan`) ON DELETE NO ACTION ON UPDATE NO ACTION
) ENGINE=InnoDB DEFAULT CHARSET=latin1 ROW_FORMAT=DYNAMIC;
CREATE TABLE `tb_tahapankak` (
  `id_tahapankak` int(5) NOT NULL,
  `tahapan` varchar(255) DEFAULT NULL,
  PRIMARY KEY (`id_tahapankak`)
) ENGINE=InnoDB DEFAULT CHARSET=latin1 ROW_FORMAT=DYNAMIC;
CREATE TABLE `tb_urusan_daerah` (
  `id_urusan` int(5) NOT NULL,
  `kode_urusan` varchar(255) DEFAULT NULL,
  `urusan` varchar(255) DEFAULT NULL,
  PRIMARY KEY (`id_urusan`)
) ENGINE=InnoDB DEFAULT CHARSET=latin1 ROW_FORMAT=DYNAMIC;
CREATE TABLE `users` (
  `id` int(11) unsigned NOT NULL AUTO_INCREMENT,
  `email` varchar(255) DEFAULT NULL,
  `username` varchar(30) DEFAULT NULL,
  `fullname` varchar(255) DEFAULT NULL,
  `user_image` varchar(255) NOT NULL DEFAULT 'user_image.jpg',
  `password_hash` varchar(255) NOT NULL,
  `reset_hash` varchar(255) DEFAULT NULL,
  `reset_at` datetime DEFAULT NULL,
  `reset_expires` datetime DEFAULT NULL,
  `activate_hash` varchar(255) DEFAULT NULL,
  `status` varchar(255) DEFAULT NULL,
  `status_message` varchar(255) DEFAULT NULL,
  `active` tinyint(1) NOT NULL DEFAULT 0,
  `force_pass_reset` tinyint(1) NOT NULL DEFAULT 0,
  `created_at` datetime DEFAULT NULL,
  `updated_at` datetime DEFAULT NULL,
  `deleted_at` datetime DEFAULT NULL,
  `id_bidangbalai` int(5) DEFAULT NULL,
  PRIMARY KEY (`id`),
  UNIQUE KEY `email` (`email`),
  UNIQUE KEY `username` (`username`),
  KEY `user_ibfk_1` (`id_bidangbalai`),
  CONSTRAINT `user_ibfk_1` FOREIGN KEY (`id_bidangbalai`) REFERENCES `tb_bidangbalai` (`id_bidangbalai`)
) ENGINE=InnoDB AUTO_INCREMENT=6 DEFAULT CHARSET=utf8;
CREATE ALGORITHM=UNDEFINED DEFINER=`root`@`localhost` SQL SECURITY DEFINER  VIEW `view_bidangbalai_detail` AS SELECT
tb_bidangbalai_detail.id_bidangbalai_detail,
tb_bidangbalai_detail.id_bidangbalai,
tb_bidangbalai_detail.id_subkegiatan,
tb_subkegiatan.kode_subkegiatan,
tb_subkegiatan.id_kegiatan,
tb_subkegiatan.subkegiatan,
tb_kegiatan.kode_kegiatan,
tb_kegiatan.id_program,
tb_kegiatan.kegiatan,
tb_program.id_urusan,
tb_program.kode_program,
tb_program.program
FROM
tb_bidangbalai_detail
INNER JOIN tb_subkegiatan ON tb_bidangbalai_detail.id_subkegiatan = tb_subkegiatan.id_subkegiatan
INNER JOIN tb_kegiatan ON tb_subkegiatan.id_kegiatan = tb_kegiatan.id_kegiatan
INNER JOIN tb_program ON tb_kegiatan.id_program = tb_program.id_program ;
BEGIN;
LOCK TABLES `db_sitemon`.`auth_activation_attempts` WRITE;
DELETE FROM `db_sitemon`.`auth_activation_attempts`;
UNLOCK TABLES;
COMMIT;
BEGIN;
LOCK TABLES `db_sitemon`.`auth_groups` WRITE;
DELETE FROM `db_sitemon`.`auth_groups`;
INSERT INTO `db_sitemon`.`auth_groups` (`id`,`name`,`description`) VALUES (1, 'admin', 'Site Administrator'),(2, 'bidangbalai', 'Site Bidang dan Balai');
UNLOCK TABLES;
COMMIT;
BEGIN;
LOCK TABLES `db_sitemon`.`auth_groups_permissions` WRITE;
DELETE FROM `db_sitemon`.`auth_groups_permissions`;
INSERT INTO `db_sitemon`.`auth_groups_permissions` (`group_id`,`permission_id`) VALUES (1, 1),(1, 1),(2, 2);
UNLOCK TABLES;
COMMIT;
BEGIN;
LOCK TABLES `db_sitemon`.`auth_groups_users` WRITE;
DELETE FROM `db_sitemon`.`auth_groups_users`;
INSERT INTO `db_sitemon`.`auth_groups_users` (`group_id`,`user_id`) VALUES (1, 3),(2, 4),(2, 5);
UNLOCK TABLES;
COMMIT;
BEGIN;
LOCK TABLES `db_sitemon`.`auth_logins` WRITE;
DELETE FROM `db_sitemon`.`auth_logins`;
INSERT INTO `db_sitemon`.`auth_logins` (`id`,`ip_address`,`email`,`user_id`,`date`,`success`) VALUES (1, '::1', 'apnovaldi@gmail.com', 3, '2022-06-14 23:32:59', 1),(2, '::1', 'apnovaldi@gmail.com', 3, '2022-06-14 23:35:47', 1),(3, '::1', '196506141991031005', NULL, '2022-06-15 00:26:18', 0),(4, '::1', 'apnovaldi@gmail.com', 3, '2022-06-15 00:45:44', 1),(5, '::1', 'apnovaldi@gmail.com', 3, '2022-06-15 00:46:08', 1),(6, '::1', 'apnovaldi@gmail.com', 3, '2022-06-15 00:47:22', 1),(7, '::1', 'apnovaldi@gmail.com', 3, '2022-06-15 01:25:31', 1),(8, '::1', 'apnovaldi@gmail.com', 3, '2022-06-15 23:19:42', 1),(9, '::1', 'apnovaldi@gmail.com', 3, '2022-06-15 23:40:08', 1),(10, '::1', 'apnovaldi@gmail.com', 3, '2022-06-15 23:48:54', 1),(11, '::1', 'apnovaldi@gmail.com', 3, '2022-06-15 23:52:23', 1),(12, '::1', 'apnovaldi@gmail.com', 3, '2022-06-16 00:12:06', 1),(13, '::1', 'apnovaldi@gmail.com', 3, '2022-06-16 01:23:22', 1),(14, '::1', 'apnovaldi@gmail.com', 3, '2022-06-16 02:03:57', 1),(15, '::1', 'apnovaldi@gmail.com', 3, '2022-06-17 01:17:26', 1),(16, '::1', 'apnovaldi@gmail.com', 3, '2022-06-17 02:37:47', 1),(17, '::1', 'apnovaldi@gmail.com', 3, '2022-06-18 07:19:16', 1),(18, '::1', 'apnovaldi@gmail.com', 3, '2022-06-18 11:55:25', 1),(19, '::1', 'apnovaldi@gmail.com', 3, '2022-06-18 22:47:25', 1),(20, '::1', 'apnovaldi@gmail.com', 3, '2022-06-19 06:16:59', 1),(21, '::1', 'apnovaldi@gmail.com', 3, '2022-06-19 20:17:02', 1),(22, '::1', 'apnovaldi@gmail.com', 3, '2022-06-20 01:46:48', 1),(23, '::1', 'apnovaldi@gmail.com', 3, '2022-06-20 04:08:49', 1),(24, '::1', 'apnovaldi@gmail.com', 3, '2022-06-21 21:19:09', 1),(25, '::1', 'apnovaldi@gmail.com', 3, '2022-06-22 20:12:36', 1),(26, '::1', 'apnovaldi@gmail.com', 3, '2022-06-23 02:56:57', 1),(27, '::1', 'apnovaldi@gmail.com', 3, '2022-06-23 21:53:46', 1),(28, '::1', 'apnovaldi@gmail.com', 3, '2022-06-27 03:51:31', 1),(29, '::1', 'apnovaldi@gmail.com', 3, '2022-06-27 19:42:05', 1),(30, '::1', 'apnovaldi@gmail.com', 3, '2022-06-28 19:51:41', 1),(31, '::1', 'apnovaldi@gmail.com', 3, '2022-06-28 20:35:50', 1),(32, '::1', 'apnovaldi@gmail.com', 3, '2022-06-28 22:22:43', 1),(33, '::1', 'apnovaldi@gmail.com', 3, '2022-06-29 01:08:30', 1),(34, '::1', 'apnovaldi@gmail.com', 3, '2022-06-29 20:28:47', 1),(35, '::1', 'apnovaldi@gmail.com', 3, '2022-06-29 20:32:27', 1),(36, '::1', 'apnovaldi@gmail.com', 3, '2022-06-29 22:58:38', 1);
UNLOCK TABLES;
COMMIT;
BEGIN;
LOCK TABLES `db_sitemon`.`auth_permissions` WRITE;
DELETE FROM `db_sitemon`.`auth_permissions`;
INSERT INTO `db_sitemon`.`auth_permissions` (`id`,`name`,`description`) VALUES (1, 'manage-user', 'manage data user'),(2, 'Manage-profile', 'manage only profile');
UNLOCK TABLES;
COMMIT;
BEGIN;
LOCK TABLES `db_sitemon`.`auth_reset_attempts` WRITE;
DELETE FROM `db_sitemon`.`auth_reset_attempts`;
UNLOCK TABLES;
COMMIT;
BEGIN;
LOCK TABLES `db_sitemon`.`auth_tokens` WRITE;
DELETE FROM `db_sitemon`.`auth_tokens`;
UNLOCK TABLES;
COMMIT;
BEGIN;
LOCK TABLES `db_sitemon`.`auth_users_permissions` WRITE;
DELETE FROM `db_sitemon`.`auth_users_permissions`;
UNLOCK TABLES;
COMMIT;
BEGIN;
LOCK TABLES `db_sitemon`.`migrations` WRITE;
DELETE FROM `db_sitemon`.`migrations`;
INSERT INTO `db_sitemon`.`migrations` (`id`,`version`,`class`,`group`,`namespace`,`time`,`batch`) VALUES (1, '2017-11-20-223112', 'Myth\\Auth\\Database\\Migrations\\CreateAuthTables', 'default', 'Myth\\Auth', 1655193778, 1);
UNLOCK TABLES;
COMMIT;
BEGIN;
LOCK TABLES `db_sitemon`.`tb_bidangbalai` WRITE;
DELETE FROM `db_sitemon`.`tb_bidangbalai`;
INSERT INTO `db_sitemon`.`tb_bidangbalai` (`id_bidangbalai`,`bidangbalai`,`alamat`) VALUES (1, 'Sekretariat', 'Jl. Siliwangi No 355-357 Semarang Barat'),(2, 'Bidang Angkutan Jalan', 'Jl. Siliwangi No 355-357 Semarang Barat'),(3, 'Bidang Lalu Lintas ', 'Jl. Siliwangi No 355-357 Semarang Barat'),(4, 'Bidang Jaringan Transportasi dan Perkeretaapian', 'Jl. Siliwangi No 355-357 Semarang Barat'),(5, 'Bidang Pelayaran', 'Jl. Siliwangi No 355-357 Semarang Barat'),(6, 'Balai Pengelola Sarana Prasarana Pehubungan Wilayah I Kelas A', 'Jl. Raung No.24-26, Gajahmungkur, Kec. Gajahmungkur, Kota Semarang'),(7, 'Balai Pengelola Sarana Prasarana Pehubungan Wilayah II Kelas B', 'Jl. P Sudirman No 52 Puri Kec. Pati, Kab Pati'),(8, 'Balai Pengelola Sarana Prasarana Pehubungan Wilayah III Kelas A', 'Jl. Slamet Riyadi No 2 Surakarta'),(9, 'Balai Pengelola Sarana Prasarana Pehubungan Wilayah IV Kelas A', 'Jl. Diponegoro No 1 Magelang'),(10, 'Balai Pengelola Sarana Prasarana Pehubungan Wilayah V Kelas B', 'Jl. Adhyaksa No.25, Brubahan, Purwanegara, Kec. Purwokerto Utara, Kabupaten Banyumas'),(11, 'Balai Pengelola Sarana Prasarana Pehubungan Wilayah VI Kelas A', 'Jl. Pemuda No.50, Kergon, Kec. Pekalongan Barat, Kota Pekalongan'),(12, 'Balai Transportasi Jawa Tengah', 'Jl. Siliwangi No 355-357 Semarang Barat');
UNLOCK TABLES;
COMMIT;
BEGIN;
LOCK TABLES `db_sitemon`.`tb_bidangbalai_detail` WRITE;
DELETE FROM `db_sitemon`.`tb_bidangbalai_detail`;
INSERT INTO `db_sitemon`.`tb_bidangbalai_detail` (`id_bidangbalai_detail`,`id_bidangbalai`,`id_subkegiatan`) VALUES (1, 4, 1158),(2, 4, 1158),(3, 3, 1162),(4, 3, 1162),(5, 3, 1162),(6, 3, 1162),(7, 3, 1162),(8, 3, 1162),(9, 3, 1162),(10, 8, 1162),(11, 8, 1162),(12, 8, 1162),(13, 8, 1162),(14, 8, 1162),(15, 7, 1162),(16, 7, 1162),(17, 7, 1162),(18, 7, 1162),(19, 7, 1162),(20, 6, 1162),(21, 6, 1162),(22, 6, 1162),(23, 6, 1162),(24, 6, 1162),(25, 9, 1162),(26, 9, 1162),(27, 9, 1162),(28, 9, 1162),(29, 9, 1162),(30, 9, 1162),(31, 11, 1162),(32, 11, 1162),(33, 11, 1162),(34, 11, 1162),(35, 11, 1162),(36, 10, 1162),(37, 10, 1162),(38, 10, 1162),(39, 10, 1162),(40, 10, 1162),(41, 10, 1162),(42, 10, 1162),(43, 10, 1162),(44, 12, 1162),(45, 8, 1164),(46, 8, 1164),(47, 7, 1164),(48, 7, 1164),(49, 6, 1164),(50, 6, 1164),(51, 9, 1164),(52, 9, 1164),(53, 11, 1164),(54, 11, 1164),(55, 10, 1164),(56, 10, 1164),(57, 4, 1165),(58, 4, 1166),(59, 4, 1166),(60, 4, 1166),(61, 4, 1167),(62, 4, 1167),(63, 4, 1167),(64, 4, 1167),(65, 4, 1169),(66, 4, 1169),(67, 3, 1177),(68, 3, 1178),(69, 3, 1179),(70, 3, 1180),(71, 8, 1186),(72, 7, 1186),(73, 6, 1186),(74, 9, 1186),(75, 11, 1186),(76, 10, 1186),(77, 3, 1187),(78, 3, 1187),(79, 3, 1188),(80, 3, 1188),(81, 8, 1188),(82, 7, 1188),(83, 6, 1188),(84, 9, 1188),(85, 11, 1188),(86, 10, 1188),(87, 12, 1189),(88, 8, 1190),(89, 7, 1190),(90, 6, 1190),(91, 9, 1190),(92, 11, 1190),(93, 10, 1190),(94, 2, 1190),(95, 2, 1191),(96, 2, 1191),(97, 2, 1191),(98, 2, 1192),(99, 2, 1192),(100, 2, 1196),(101, 2, 1198),(102, 2, 1198),(103, 2, 1199),(104, 2, 1199),(105, 8, 1200),(106, 8, 1200),(107, 7, 1200),(108, 7, 1200),(109, 6, 1200),(110, 6, 1200),(111, 9, 1200),(112, 9, 1200),(113, 11, 1200),(114, 11, 1200),(115, 10, 1200),(116, 10, 1200),(117, 2, 1202),(118, 2, 1202),(119, 2, 1205),(120, 12, 1214),(121, 5, 1215),(122, 5, 1216),(123, 5, 1216),(124, 5, 1216),(125, 5, 1216),(126, 5, 1225),(127, 5, 1225),(128, 5, 1225),(129, 5, 1225),(130, 5, 1225),(131, 5, 1225),(132, 5, 1225),(133, 5, 1227),(134, 5, 1228),(135, 5, 1228),(136, 5, 1230),(137, 5, 1230),(138, 5, 1230),(139, 4, 1243),(140, 4, 1245),(141, 4, 1245),(142, 4, 1245),(143, 4, 1245),(144, 4, 1245),(145, 4, 1245),(146, 4, 1245),(147, 1, 1),(148, 1, 7),(149, 1, 8),(150, 12, 9),(151, 8, 9),(152, 7, 9),(153, 6, 9),(154, 9, 9),(155, 11, 9),(156, 10, 9),(157, 1, 9),(158, 1, 14),(159, 1, 17),(160, 1, 31),(161, 1, 32),(162, 1, 38),(163, 12, 41),(164, 8, 41),(165, 7, 41),(166, 6, 41),(167, 9, 41),(168, 11, 41),(169, 10, 41),(170, 1, 41),(171, 12, 42),(172, 8, 42),(173, 7, 42),(174, 6, 42),(175, 9, 42),(176, 1, 42),(177, 10, 42),(178, 1, 42),(179, 1, 42),(180, 12, 43),(181, 8, 43),(182, 7, 43),(183, 6, 43),(184, 9, 43),(185, 11, 43),(186, 10, 43),(187, 1, 43),(188, 12, 44),(189, 8, 44),(190, 7, 44),(191, 6, 44),(192, 9, 44),(193, 11, 44),(194, 10, 44),(195, 1, 44),(196, 12, 45),(197, 8, 45),(198, 7, 45),(199, 6, 45),(200, 9, 45),(201, 11, 45),(202, 10, 45),(203, 1, 45),(204, 1, 46),(205, 1, 48),(206, 1, 49),(207, 1, 51),(208, 1, 53),(209, 1, 55),(210, 1, 56),(211, 1, 57),(212, 12, 59),(213, 1, 61),(214, 12, 63),(215, 8, 63),(216, 7, 63),(217, 6, 63),(218, 9, 63),(219, 11, 63),(220, 10, 63),(221, 1, 63),(222, 1, 64),(223, 12, 66),(224, 8, 66),(225, 7, 66),(226, 6, 66),(227, 9, 66),(228, 11, 66),(229, 10, 66),(230, 1, 66),(231, 1, 68),(232, 1, 72),(233, 12, 74),(234, 12, 75),(235, 8, 75),(236, 7, 75),(237, 6, 75),(238, 9, 75),(239, 11, 75),(240, 10, 75),(241, 1, 75),(242, 12, 76),(243, 8, 76),(244, 7, 76),(245, 6, 76),(246, 9, 76),(247, 11, 76),(248, 10, 76),(249, 1, 76),(250, 1, 77);
UNLOCK TABLES;
COMMIT;
BEGIN;
LOCK TABLES `db_sitemon`.`tb_dokumenkak` WRITE;
DELETE FROM `db_sitemon`.`tb_dokumenkak`;
UNLOCK TABLES;
COMMIT;
BEGIN;
LOCK TABLES `db_sitemon`.`tb_indikator_kegiatan` WRITE;
DELETE FROM `db_sitemon`.`tb_indikator_kegiatan`;
INSERT INTO `db_sitemon`.`tb_indikator_kegiatan` (`id_indikator_kegiatan`,`id_kegiatan`,`id_bidangbalai`,`indikator_kegiatan`,`satuan`,`target_2022`,`target_2023`) VALUES (1, 203, 3, 'Jumlah total perlengkapan jalan terpasang di Ruas Jalan Provinsi', 'Unit', 2252, 2893),(2, 206, 3, 'Jumlah pelaksanaan Supervisi MRLL untuk Penanganan Daerah Rawan Kecelakaan', 'Kali', 12, 27),(3, 206, 3, 'Jumlah Rekomendasi Hasil Forum LLAJ', 'Dokumen', 20, 26),(4, 206, 3, 'Jumlah Kabupaten/Kota yang dinilai pelaksanaan manajemen dan rekayasa lalu lintas di Provinsi Jateng', 'Kabupaten/Kota', 18, 18),(5, 207, 3, 'Jumlah Rekomendasi / Persetujuan Andalalin di Jalan Provinsi', 'Dokumen', 95, 119),(6, 208, 3, 'Jumlah Abdi Yasa dan Pelajar Pelopor yang memenuhi Passing Grade pemahaman keselamatan jalan', 'Orang', 252, 302),(7, 208, 3, 'Jumlah Kegiatan Audit dan Inspeksi pada Perusahaan Angkutan Umum', 'Kegiatan', 12, 12),(8, 203, 6, 'Jumlah Penanganan daerah rawan kecelakaan Di BPSPP Wilayah I Kelas A', 'Lokasi', 7, 10),(9, 203, 6, 'Panjang jalan yang dipertahankan kinerja perlengkapan jalannya Di BPSPP Wilayah I Kelas A', 'Km', 8, 10),(10, 208, 6, 'Jumlah Kegiatan Audit dan Inspeksi pada Ruas Jalan Provinsi Di BPSPP Wilayah I Kelas A', 'Kegiatan', 0, 0),(11, 203, 7, 'Jumlah Penanganan daerah rawan kecelakaan Di BPSPP Wilayah II Kelas B', 'Lokasi', 7, 10),(12, 203, 7, 'Panjang jalan yang dipertahankan kinerja perlengkapan jalannya Di BPSPP Wilayah II Kelas B', 'Km', 7, 9),(13, 208, 7, 'Jumlah Kegiatan Audit dan Inspeksi pada Ruas Jalan Provinsi Di BPSPP Wilayah II Kelas B', 'Kegiatan', 0, 0),(14, 203, 8, 'Jumlah Penanganan daerah rawan kecelakaan Di BPSPP Wilayah III Kelas A', 'Lokasi', 7, 10),(15, 203, 8, 'Panjang jalan yang dipertahankan kinerja perlengkapan jalannya Di BPSPP Wilayah III Kelas A', 'Km', 8, 10),(16, 208, 8, 'Jumlah Kegiatan Audit dan Inspeksi pada Ruas Jalan Provinsi Di BPSPP Wilayah III Kelas A', 'Kegiatan', 0, 0),(17, 203, 9, 'Jumlah Penanganan daerah rawan kecelakaan Di BPSPP Wilayah IV Kelas A', 'Lokasi', 5, 10),(18, 203, 9, 'Panjang jalan yang dipertahankan kinerja perlengkapan jalannya Di BPSPP Wilayah IV Kelas A', 'Km', 7, 9),(19, 208, 9, 'Jumlah Kegiatan Audit dan Inspeksi pada Ruas Jalan Provinsi Di BPSPP Wilayah IV Kelas A', 'Kegiatan', 0, 0),(20, 203, 10, 'Jumlah Penanganan daerah rawan kecelakaan Di BPSPP Wilayah V Kelas B', 'Lokasi', 7, 10),(21, 203, 10, 'Panjang jalan yang dipertahankan kinerja perlengkapan jalannya Di BPSPP Wilayah V Kelas B', 'Km', 7, 9),(22, 208, 10, 'Jumlah Kegiatan Audit dan Inspeksi pada Ruas Jalan Provinsi Di BPSPP Wilayah V Kelas B', 'Kegiatan', 0, 0),(23, 203, 11, 'Jumlah Penanganan daerah rawan kecelakaan Di BPSPP Wilayah VI Kelas A', 'Lokasi', 6, 10),(24, 203, 11, 'Panjang jalan yang dipertahankan kinerja perlengkapan jalannya Di BPSPP Wilayah VI Kelas A', 'Km', 8, 10),(25, 208, 11, 'Jumlah Kegiatan Audit dan Inspeksi pada Ruas Jalan Provinsi Di BPSPP Wilayah VI Kelas A', 'Kegiatan', 0, 0),(26, 233, 4, 'Jumlah perlintasan KA yang dilengkapi prasarana penunjang sesuai tingkat pemenuhan per jenis Fasilitas keselamatan', 'Lokasi', 4, 7),(27, 233, 4, 'Jumlah Peraturan Gubernur Terkait Penetapan Rencana Induk Jaringan Perkeretaapian Provinsi Jawa Tengah', 'Dokumen', 0, 0),(28, 226, 5, 'Jumlah Dermaga Sungai yang sesuai standar berdasarkan tingkat pemenuhan fasilitas keselamatan', 'Lokasi', 3, 6),(29, 225, 5, 'Jumlah pengoperasian Pelabuhan Pengumpan Regional', 'Lokasi', 4, 3),(30, 214, 2, 'Jumlah penerbitan dokumen perizinan trayek AKDP Sesuai SPM', 'Dokumen', 324, 366),(31, 216, 2, 'Jumlah perusahaan yang dievaluasi tarif dan load factor', 'Unit', 0, 0),(32, 209, 2, 'Jumlah penumpang angkutan umum yang terdata pada Posko Angkutan lebaran, natal dan tahun baru', 'Orang', 4088901, 4406000),(33, 213, 2, 'Jumlah perusahaan Antar Jemput Dalam Provinsi (AJDP) yang mengajukan perizinan', 'Unit', 15, 15),(34, 215, 2, 'Jumlah perusahaan AJDP yang di monitoring dan evaluasi', 'Unit', 15, 15),(35, 210, 2, 'Jumlah trayek angkutan aglomerasi perkotaan yang sudah dilayani', 'Trayek', 4, 5),(36, 212, 2, 'Jumlah trayek angkutan perintis yang terlayani', 'Trayek', 0, 4),(37, 204, 4, 'Jumlah Terminal Tipe B yang sesuai standar pelayanan berdasarkan tingkat pemenuhan per aspek', 'Lokasi', 7, 14),(38, 202, 4, 'Jumlah Peraturan Gubernur Terkait Penetapan Rencana Induk Jaringan LLAJ Provinsi Jawa Tengah', 'Dokumen', 0, 1),(39, 214, 6, 'Jumlah pembaruan ijin trayek ADKP yang berbadan hukum Di BPSPP Wilayah I Kelas A', 'Dokumen', 497, 512),(40, 208, 6, 'Jumlah Kendaraan terdata pada terminal type B Di BPSPP Wilayah I Kelas A', 'Unit', 86247, 34373),(41, 209, 6, 'Jumlah Pelaksanaan pengawasan penyediaan Angkutan pada periode arus lalu lintas tinggi Di BPSPP Wilayah I Kelas A', 'Kegiatan', 8, 8),(42, 214, 7, 'Jumlah pembaruan ijin trayek ADKP yang berbadan hukum Di BPSPP Wilayah II Kelas B', 'Dokumen', 280, 296),(43, 208, 7, 'Jumlah Kendaraan terdata pada terminal type B Di BPSPP Wilayah II Kelas B', 'Unit', 18697, 5733),(44, 209, 7, 'Jumlah Pelaksanaan pengawasan penyediaan Angkutan pada periode arus lalu lintas tinggi Di BPSPP Wilayah II Kelas B', 'Kegiatan', 4, 4),(45, 214, 8, 'Jumlah pembaruan ijin trayek ADKP yang berbadan hukum Di BPSPP Wilayah III Kelas A', 'Dokumen', 541, 564),(46, 208, 8, 'Jumlah Kendaraan terdata pada terminal type B Di BPSPP Wilayah III Kelas A', 'Unit', 754668, 108405),(47, 209, 8, 'Jumlah Pelaksanaan pengawasan penyediaan Angkutan pada periode arus lalu lintas tinggi Di BPSPP Wilayah III Kelas A', 'Kegiatan', 22, 22),(48, 214, 9, 'Jumlah pembaruan ijin trayek ADKP yang berbadan hukum Di BPSPP Wilayah IV Kelas A', 'Dokumen', 869, 878),(49, 208, 9, 'Jumlah Kendaraan terdata pada terminal type B Di BPSPP Wilayah IV Kelas A', 'Unit', 70024, 24191),(50, 209, 9, 'Jumlah Pelaksanaan pengawasan penyediaan Angkutan pada periode arus lalu lintas tinggi Di BPSPP Wilayah IV Kelas A', 'Kegiatan', 6, 8),(51, 214, 10, 'Jumlah pembaruan ijin trayek ADKP yang berbadan hukum Di BPSPP Wilayah V Kelas B', 'Dokumen', 833, 845),(52, 208, 10, 'Jumlah Kendaraan terdata pada terminal type B Di BPSPP Wilayah V Kelas B', 'Unit', 174662, 50074),(53, 209, 10, 'Jumlah Pelaksanaan pengawasan penyediaan Angkutan pada periode arus lalu lintas tinggi Di BPSPP Wilayah V Kelas B', 'Kegiatan', 8, 8),(54, 214, 11, 'Jumlah pembaruan ijin trayek ADKP yang berbadan hukum Di BPSPP Wilayah VI Kelas A', 'Dokumen', 1096, 1107),(55, 208, 11, 'Jumlah Kendaraan terdata pada terminal type B Di BPSPP Wilayah VI Kelas A', 'Unit', 152025, 39781),(56, 209, 11, 'Jumlah Pelaksanaan pengawasan penyediaan Angkutan pada periode arus lalu lintas tinggi Di BPSPP Wilayah VI Kelas A', 'Kegiatan', 10, 10),(57, 222, 5, 'Jumlah penerbitan Rekomendasi Teknis Izin Usaha Baru / perubahan Perusahaan Angkutan Laut dan Jasa Terkait Angkutan di Perairan', 'Dokumen', 252, 232),(58, 221, 12, 'Jumlah Trip Pelayanan KMC Kartini I Lintas Semarang-Karimunjawa', 'Trip', 14, 14),(59, 209, 12, 'Jumlah bus Trans Jateng yang beroperasi di Kawasan Aglomerasi Perkotaan', 'Unit', 98, 107),(60, 203, 12, 'Jumlah shelter dalam kondisi baik yang siap operasional', 'Unit', 165, 210),(61, 2, 1, 'Jumlah laporan pelaksanaan administrasi keuangan Perangkat Daerah (Kantor Dinas Perhubungan)', 'Laporan', 12, 12),(62, 3, 1, 'Jumlah laporan pelaksanaan Administrasi Barang Milik Daerah pada Perangkat Daerah', 'Laporan', 12, 12),(63, 5, 1, 'Jumlah laporan pelaksanaan Administrasi Kepegawaian Perangkat Daerah', 'Laporan', 12, 12),(64, 6, 1, 'Jumlah laporan pelaksanaan administrasi umum Perangkat Daerah (Kantor Dinas Perhubungan)', 'Laporan', 12, 12),(65, 7, 1, 'Jumlah laporan  Pengadaan Barang Milik Daerah Penunjang Urusan Pemerintah Daerah (Kantor Dinas Perhubungan)', 'Laporan', 0, 12),(66, 8, 1, 'Jumlah laporan Penyediaan Jasa Penunjang Urusan Pemerintahan Daerah (Kantor Dinas Perhubungan)', 'Laporan', 12, 12),(67, 9, 1, 'Jumlah laporan Pemeliharaan Barang Milik Daerah Penunjang Urusan Pemerintahan Daerah (Kantor Dinas Perhubungan)', 'Laporan', 12, 12),(68, 2, 6, 'Jumlah laporan pelaksanaan administrasi keuangan Perangkat Daerah (BPSPP Wilayah I Kelas A)', 'Laporan', 12, 12),(69, 6, 6, 'Jumlah laporan pelaksanaan administrasi umum Perangkat Daerah (BPSPP Wilayah I Kelas A)', 'Laporan', 12, 12),(70, 8, 6, 'Jumlah laporan Penyediaan Jasa Penunjang Urusan Pemerintahan Daerah (BPSPP Wilayah I Kelas A)', 'Laporan', 12, 12),(71, 9, 6, 'Jumlah laporan Pemeliharaan Barang Milik Daerah Penunjang Urusan Pemerintahan Daerah (BPSPP Wilayah I Kelas A)', 'Laporan', 12, 12),(72, 2, 7, 'Jumlah laporan pelaksanaan administrasi keuangan Perangkat Daerah (BPSPP Wilayah II Kelas B)', 'Laporan', 12, 12),(73, 6, 7, 'Jumlah laporan pelaksanaan administrasi umum Perangkat Daerah (BPSPP Wilayah II Kelas B)', 'Laporan', 12, 12),(74, 8, 7, 'Jumlah laporan Penyediaan Jasa Penunjang Urusan Pemerintahan Daerah (BPSPP Wilayah II Kelas B)', 'Laporan', 12, 12),(75, 9, 7, 'Jumlah laporan Pemeliharaan Barang Milik Daerah Penunjang Urusan Pemerintahan Daerah (BPSPP Wilayah II Kelas B)', 'Laporan', 12, 12),(76, 2, 8, 'Jumlah laporan pelaksanaan administrasi keuangan Perangkat Daerah (BPSPP Wilayah III Kelas A)', 'Laporan', 12, 12),(77, 6, 8, 'Jumlah laporan pelaksanaan administrasi umum Perangkat Daerah (BPSPP Wilayah III Kelas A)', 'Laporan', 12, 12),(78, 8, 8, 'Jumlah laporan Penyediaan Jasa Penunjang Urusan Pemerintahan Daerah (BPSPP Wilayah III Kelas A)', 'Laporan', 12, 12),(79, 9, 8, 'Jumlah laporan Pemeliharaan Barang Milik Daerah Penunjang Urusan Pemerintahan Daerah (BPSPP Wilayah III Kelas A)', 'Laporan', 12, 12),(80, 2, 9, 'Jumlah laporan pelaksanaan administrasi keuangan Perangkat Daerah (BPSPP Wilayah IV Kelas A)', 'Laporan', 12, 12),(81, 6, 9, 'Jumlah laporan pelaksanaan administrasi umum Perangkat Daerah (BPSPP Wilayah IV Kelas A)', 'Laporan', 12, 12),(82, 8, 9, 'Jumlah laporan Penyediaan Jasa Penunjang Urusan Pemerintahan Daerah (BPSPP Wilayah IV Kelas A)', 'Laporan', 12, 12),(83, 9, 9, 'Jumlah laporan Pemeliharaan Barang Milik Daerah Penunjang Urusan Pemerintahan Daerah (BPSPP Wilayah IV Kelas A)', 'Laporan', 12, 12),(84, 2, 10, 'Jumlah laporan pelaksanaan administrasi keuangan Perangkat Daerah (BPSPP Wilayah V Kelas B)', 'Laporan', 12, 12),(85, 6, 10, 'Jumlah laporan pelaksanaan administrasi umum Perangkat Daerah (BPSPP Wilayah V Kelas B)', 'Laporan', 12, 12),(86, 8, 10, 'Jumlah laporan Penyediaan Jasa Penunjang Urusan Pemerintahan Daerah (BPSPP Wilayah V Kelas B)', 'Laporan', 12, 12),(87, 9, 10, 'Jumlah laporan Pemeliharaan Barang Milik Daerah Penunjang Urusan Pemerintahan Daerah (BPSPP Wilayah V Kelas B)', 'Laporan', 12, 12),(88, 2, 11, 'Jumlah laporan pelaksanaan administrasi keuangan Perangkat Daerah (BPSPP Wilayah VI Kelas A)', 'Laporan', 12, 12),(89, 6, 11, 'Jumlah laporan pelaksanaan administrasi umum Perangkat Daerah (BPSPP Wilayah VI Kelas A)', 'Laporan', 12, 12),(90, 8, 11, 'Jumlah laporan Penyediaan Jasa Penunjang Urusan Pemerintahan Daerah (BPSPP Wilayah VI Kelas A)', 'Laporan', 12, 12),(91, 9, 11, 'Jumlah laporan Pemeliharaan Barang Milik Daerah Penunjang Urusan Pemerintahan Daerah (BPSPP Wilayah VI Kelas A)', 'Laporan', 12, 12),(92, 2, 12, 'Jumlah laporan pelaksanaan administrasi keuangan Perangkat Daerah (Balai Transportasi Jawa Tengah)', 'Laporan', 0, 0),(93, 6, 12, 'Jumlah laporan pelaksanaan administrasi umum Perangkat Daerah (Balai Transportasi Jawa Tengah)', 'Laporan', 12, 12),(94, 7, 12, 'Jumlah laporan  Pengadaan Barang Milik Daerah Penunjang Urusan Pemerintah Daerah (Balai Transportasi Jawa Tengah)', 'Laporan', 0, 12),(95, 8, 12, 'Jumlah laporan Penyediaan Jasa Penunjang Urusan Pemerintahan Daerah (Balai Transportasi Jawa Tengah)', 'Laporan', 12, 12),(96, 9, 12, 'Jumlah laporan Pemeliharaan Barang Milik Daerah Penunjang Urusan Pemerintahan Daerah (Balai Transportasi Jawa Tengah)', 'Laporan', 12, 12),(97, 1, 1, 'Jumlah dokumen perencanaan dan evaluasi kinerja yang disusun', 'Dokumen', 14, 13);
UNLOCK TABLES;
COMMIT;
BEGIN;
LOCK TABLES `db_sitemon`.`tb_indikator_subkegiatan` WRITE;
DELETE FROM `db_sitemon`.`tb_indikator_subkegiatan`;
INSERT INTO `db_sitemon`.`tb_indikator_subkegiatan` (`id_indikator_subkegiatan`,`id_subkegiatan`,`id_bidangbalai`,`indikator_subkegiatan`,`satuan`,`target_2022`,`pagu_2022`,`target_2023`,`pagu_2023`) VALUES (1, 1158, 4, 'Jumlah fasilitasi pembangunan simpul dan layanan transportasi strategis', 'Lokasi', 2, 110000000, 8, 200000000),(2, 1158, 4, 'Jumlah Penyusunan (Review) dan Sosialisasi Rencana Induk Jaringan LLAJ Provinsi', 'Dokumen', 0, 0, 1, 400000000),(3, 1162, 3, 'Jumlah Pengadaan Aplikator Marka', 'Unit', 0, 0, 0, 0),(4, 1162, 3, 'Jumlah Pengadaan dan Pemasangan APILL', 'Unit', 0, 0, 2, 515000000),(5, 1162, 3, 'Jumlah Pengadaan dan Pemasangan ITS', 'Unit', 0, 0, 0, 0),(6, 1162, 3, 'Jumlah Pengadaan dan Pemasangan LPJU', 'Unit', 40, 790000000, 250, 4838000000),(7, 1162, 3, 'Jumlah Pengadaan dan Pemasangan Rambu', 'Buah', 200, 215000000, 350, 382000000),(8, 1162, 3, 'Jumlah Pengadaan dan Pemasangan RPPJ', 'Buah', 0, 0, 29, 273825000),(9, 1162, 3, 'Jumlah Pengadaan dan Pemasangan Warning Light', 'Unit', 0, 0, 10, 272500000),(10, 1162, 8, 'Jumlah Pengadaan dan Pemasangan Cermin Tikung (BPSPP Wilayah III Kelas A)', 'Buah', 0, 0, 0, 0),(11, 1162, 8, 'Jumlah Pengadaan dan Pemasangan Deliniator (BPSPP Wilayah III Kelas A)', 'Buah', 0, 0, 0, 0),(12, 1162, 8, 'Jumlah Pengadaan dan Pemasangan Guardrail (BPSPP Wilayah III Kelas A)', 'Unit', 0, 0, 0, 0),(13, 1162, 8, 'Jumlah Pengadaan dan Pemasangan Marka (BPSPP Wilayah III Kelas A)', 'm', 5000, 120000000, 10000, 328000000),(14, 1162, 8, 'Jumlah ruas jalan provinsi yang terdata fasilitas perlengkapan jalannya (BPSPP Wilayah III Kelas A)', 'Unit', 0, 0, 0, 0),(15, 1162, 7, 'Jumlah Pengadaan dan Pemasangan Cermin Tikung (BPSPP Wilayah II Kelas B)', 'Buah', 0, 0, 0, 0),(16, 1162, 7, 'Jumlah Pengadaan dan Pemasangan Deliniator (BPSPP Wilayah II Kelas B)', 'Buah', 0, 0, 0, 0),(17, 1162, 7, 'Jumlah Pengadaan dan Pemasangan Guardrail (BPSPP Wilayah II Kelas B)', 'Unit', 0, 0, 0, 0),(18, 1162, 7, 'Jumlah Pengadaan dan Pemasangan Marka (BPSPP Wilayah II Kelas B)', 'm', 5000, 120000000, 10000, 340000000),(19, 1162, 7, 'Jumlah ruas jalan provinsi yang terdata fasilitas perlengkapan jalannya (BPSPP Wilayah II Kelas B)', 'Unit', 0, 0, 0, 0),(20, 1162, 6, 'Jumlah Pengadaan dan Pemasangan Cermin Tikung (BPSPP Wilayah I Kelas A)', 'Buah', 0, 0, 0, 0),(21, 1162, 6, 'Jumlah Pengadaan dan Pemasangan Deliniator (BPSPP Wilayah I Kelas A)', 'Buah', 0, 0, 0, 0),(22, 1162, 6, 'Jumlah Pengadaan dan Pemasangan Guardrail (BPSPP Wilayah I Kelas A)', 'Unit', 0, 0, 30, 170000000),(23, 1162, 6, 'Jumlah Pengadaan dan Pemasangan Marka (BPSPP Wilayah I Kelas A)', 'm', 5000, 120000000, 10000, 240000000),(24, 1162, 6, 'Jumlah ruas jalan provinsi yang terdata fasilitas perlengkapan jalannya (BPSPP Wilayah I Kelas A)', 'Unit', 0, 0, 0, 0),(25, 1162, 9, 'Jumlah Pengadaan dan Pemasangan Cermin Tikung (BPSPP Wilayah IV Kelas A)', 'Buah', 0, 0, 0, 0),(26, 1162, 9, 'Jumlah Pengadaan dan Pemasangan Deliniator (BPSPP Wilayah IV Kelas A)', 'Buah', 0, 0, 0, 0),(27, 1162, 9, 'Jumlah Pengadaan dan Pemasangan Guardrail (BPSPP Wilayah IV Kelas A)', 'Unit', 0, 0, 25, 300000000),(28, 1162, 9, 'Jumlah Pengadaan dan Pemasangan Marka (BPSPP Wilayah IV Kelas A)', 'm', 5000, 120000000, 10000, 240000000),(29, 1162, 9, 'Jumlah Pengadaan dan Pemasangan Traffic Cone (BPSPP Wilayah IV Kelas A)', 'Buah', 0, 0, 0, 0),(30, 1162, 9, 'Jumlah ruas jalan provinsi yang terdata fasilitas perlengkapan jalannya (BPSPP Wilayah IV Kelas A)', 'Unit', 0, 0, 0, 0),(31, 1162, 11, 'Jumlah Pengadaan dan Pemasangan Cermin Tikung (BPSPP Wilayah VI Kelas A)', 'Buah', 0, 0, 0, 0),(32, 1162, 11, 'Jumlah Pengadaan dan Pemasangan Deliniator (BPSPP Wilayah VI Kelas A)', 'Buah', 0, 0, 0, 0),(33, 1162, 11, 'Jumlah Pengadaan dan Pemasangan Guardrail (BPSPP Wilayah VI Kelas A)', 'Unit', 0, 0, 0, 0),(34, 1162, 11, 'Jumlah Pengadaan dan Pemasangan Marka (BPSPP Wilayah VI Kelas A)', 'm', 5000, 120000000, 10000, 390000000),(35, 1162, 11, 'Jumlah ruas jalan provinsi yang terdata fasilitas perlengkapan jalannya (BPSPP Wilayah VI Kelas A)', 'Unit', 0, 0, 0, 0),(36, 1162, 10, 'Jumlah Pengadaan dan Pemasangan Cermin Tikung (BPSPP Wilayah V Kelas B)', 'Buah', 0, 0, 0, 0),(37, 1162, 10, 'Jumlah Pengadaan dan Pemasangan Deliniator (BPSPP Wilayah V Kelas B)', 'Buah', 0, 0, 0, 0),(38, 1162, 10, 'Jumlah Pengadaan dan Pemasangan Gazon (BPSPP Wilayah V Kelas B)', 'Buah', 0, 0, 0, 0),(39, 1162, 10, 'Jumlah Pengadaan dan Pemasangan Guardrail (BPSPP Wilayah V Kelas B)', 'Unit', 0, 0, 0, 0),(40, 1162, 10, 'Jumlah Pengadaan dan Pemasangan Marka (BPSPP Wilayah V Kelas B)', 'm', 5000, 120000000, 10000, 370000000),(41, 1162, 10, 'Jumlah Pengadaan dan Pemasangan Traffic Cone (BPSPP Wilayah V Kelas B)', 'Buah', 0, 0, 0, 0),(42, 1162, 10, 'Jumlah Pengadaan dan Pemasangan Water Barrier (BPSPP Wilayah V Kelas B)', 'Buah', 0, 0, 0, 0),(43, 1162, 10, 'Jumlah ruas jalan provinsi yang terdata fasilitas perlengkapan jalannya (BPSPP Wilayah V Kelas B)', 'Unit', 0, 0, 0, 0),(44, 1162, 12, 'Jumlah Pemeliharaan dan Pembangunan Shelter BRT Trans Jateng', 'Paket', 1, 1018700000, 2, 1818700000),(45, 1164, 8, 'Jumlah Anggota Kelompok Masyarakat Sadar Keselamatan yang dilibatkan dalam mempertahankan fungsi perlengkapan jalan (BPSPP Wilayah III Kelas A)', 'Orang', 76, 91200000, 76, 91200000),(46, 1164, 8, 'Jumlah Penggantian LPJU (BPSPP Wilayah III Kelas A)', 'Unit', 20, 115640000, 40, 230000000),(47, 1164, 7, 'Jumlah Anggota Kelompok Masyarakat Sadar Keselamatan yang dilibatkan dalam mempertahankan fungsi perlengkapan jalan (BPSPP Wilayah II Kelas B)', 'Orang', 52, 62400000, 52, 62400000),(48, 1164, 7, 'Jumlah Penggantian LPJU (BPSPP Wilayah II Kelas B)', 'Unit', 20, 112280000, 40, 220000000),(49, 1164, 6, 'Jumlah Anggota Kelompok Masyarakat Sadar Keselamatan yang dilibatkan dalam mempertahankan fungsi perlengkapan jalan (BPSPP Wilayah I Kelas A)', 'Orang', 50, 60000000, 50, 60000000),(50, 1164, 6, 'Jumlah Penggantian LPJU (BPSPP Wilayah I Kelas A)', 'Unit', 20, 112000000, 40, 220000000),(51, 1164, 9, 'Jumlah Anggota Kelompok Masyarakat Sadar Keselamatan yang dilibatkan dalam mempertahankan fungsi perlengkapan jalan (BPSPP Wilayah IV Kelas A)', 'Orang', 62, 76800000, 62, 76800000),(52, 1164, 9, 'Jumlah Penggantian LPJU (BPSPP Wilayah IV Kelas A)', 'Unit', 20, 113960000, 40, 230000000),(53, 1164, 11, 'Jumlah Anggota Kelompok Masyarakat Sadar Keselamatan yang dilibatkan dalam mempertahankan fungsi perlengkapan jalan (BPSPP Wilayah VI Kelas A)', 'Orang', 44, 52800000, 44, 52800000),(54, 1164, 11, 'Jumlah Penggantian LPJU (BPSPP Wilayah VI Kelas A)', 'Unit', 20, 111160000, 40, 220000000),(55, 1164, 10, 'Jumlah Anggota Kelompok Masyarakat Sadar Keselamatan yang dilibatkan dalam mempertahankan fungsi perlengkapan jalan (BPSPP Wilayah V Kelas B)', 'Orang', 52, 62400000, 52, 62400000),(56, 1164, 10, 'Jumlah Penggantian LPJU (BPSPP Wilayah V Kelas B)', 'Unit', 20, 112280000, 40, 220000000),(57, 1165, 4, 'Jumlah studi rencana pembangunan Terminal Penumpang Tipe B', 'Dokumen', 0, 0, 1, 60000000),(58, 1166, 4, 'Jumlah Pembangunan Terminal', 'Kegiatan', 1, 2430000000, 1, 5191509000),(59, 1166, 4, 'Jumlah Pengadan Tanah Terminal', 'Paket', 0, 0, 0, 0),(60, 1166, 4, 'Jumlah Pengawasan Pembangunan Terminal', 'Paket', 1, 70000000, 1, 100000000),(61, 1167, 4, 'Jumlah Penerapan Sistem Informasi', 'Lokasi', 0, 0, 0, 0),(62, 1167, 4, 'Jumlah Pengadaan dan Pemasangan CCTV', 'Lokasi', 0, 0, 0, 0),(63, 1167, 4, 'Jumlah Pengawasan Pengembangan Terminal', 'Paket', 3, 70000000, 5, 120000000),(64, 1167, 4, 'Jumlah Pengembangan Terminal', 'Lokasi', 3, 2080000000, 5, 2930000000),(65, 1169, 4, 'Jumlah Pembinaan penyelenggaraan Terminal Type B', 'Kali', 0, 0, 0, 0),(66, 1169, 4, 'Jumlah Supervisi dan Bimbingan Teknis penyelenggaraan Terminal Type B', 'Kali', 4, 34700000, 4, 34700000),(67, 1177, 3, 'Jumlah Peserta Kabupaten/Kota di Provinsi Jateng Lomba Tertib Lalin Tingkat Nasional', 'Kabupaten/Kota', 18, 46320000, 18, 46320000),(68, 1178, 3, 'Jumlah Supervisi Penanganan Daerah Rawan Kecelakaan', 'Lokasi', 6, 30000000, 21, 60000000),(69, 1179, 3, 'Jumlah Pelaksanaan Forum LLAJ', 'Kegiatan', 6, 39000000, 6, 39000000),(70, 1180, 3, 'Jumlah penilaian dan pengawasan Andalalin di Ruas Jalan Provinsi', 'Dokumen', 22, 125000000, 24, 125000000),(71, 1186, 8, 'Jumlah Pelaksanaan Inspeksi, Audit dan Pemantauan Keselamatan Sarana Transportasi di Terminal Tipe B (BPSPP Wilayah III Kelas A)', 'Kali', 365, 50400000, 365, 50400000),(72, 1186, 7, 'Jumlah Pelaksanaan Inspeksi, Audit dan Pemantauan Keselamatan Sarana Transportasi di Terminal Tipe B (BPSPP Wilayah II Kelas B)', 'Kali', 365, 10500000, 365, 10500000),(73, 1186, 6, 'Jumlah Pelaksanaan Inspeksi, Audit dan Pemantauan Keselamatan Sarana Transportasi di Terminal Tipe B (BPSPP Wilayah I Kelas A)', 'Kali', 365, 15625000, 365, 15625000),(74, 1186, 9, 'Jumlah Pelaksanaan Inspeksi, Audit dan Pemantauan Keselamatan Sarana Transportasi di Terminal Tipe B (BPSPP Wilayah IV Kelas A)', 'Kali', 365, 25000000, 365, 25000000),(75, 1186, 11, 'Jumlah Pelaksanaan Inspeksi, Audit dan Pemantauan Keselamatan Sarana Transportasi di Terminal Tipe B (BPSPP Wilayah VI Kelas A)', 'Kali', 365, 21990000, 365, 21990000),(76, 1186, 10, 'Jumlah Pelaksanaan Inspeksi, Audit dan Pemantauan Keselamatan Sarana Transportasi di Terminal Tipe B (BPSPP Wilayah V Kelas B)', 'Kali', 365, 15500000, 365, 15500000),(77, 1187, 3, 'Jumlah peserta Abdi Yasa yang mengikuti pemahaman keselamatan jalan', 'Orang', 35, 130000000, 70, 130000000),(78, 1187, 3, 'Jumlah peserta Pelajar Pelopor yang mengikuti pemahaman keselamatan jalan', 'Orang', 35, 70000000, 35, 70000000),(79, 1188, 3, 'Jumlah Kendaraan Angkutan Umum Penumpang dan Barang diperiksa (Bidang Lalu Lintas)', 'Unit', 0, 0, 0, 0),(80, 1188, 3, 'Jumlah Pengawasan Perusahaan Karoseri Terdaftar', 'Unit', 20, 35000000, 20, 35000000),(81, 1188, 8, 'Jumlah kendaraan angkutan penumpang dan barang diperiksa (BPSPP Wilayah III Kelas A)', 'Unit', 0, 0, 0, 0),(82, 1188, 7, 'Jumlah kendaraan angkutan penumpang dan barang diperiksa (BPSPP Wilayah II Kelas B)', 'Unit', 0, 0, 0, 0),(83, 1188, 6, 'Jumlah kendaraan angkutan penumpang dan barang diperiksa (BPSPP Wilayah I Kelas A)', 'Unit', 0, 0, 0, 0),(84, 1188, 9, 'Jumlah kendaraan angkutan penumpang dan barang diperiksa (BPSPP Wilayah IV Kelas A)', 'Unit', 0, 0, 0, 0),(85, 1188, 11, 'Jumlah kendaraan angkutan penumpang dan barang diperiksa (BPSPP Wilayah VI Kelas A)', 'Unit', 0, 0, 0, 0),(86, 1188, 10, 'Jumlah kendaraan angkutan penumpang dan barang diperiksa (BPSPP Wilayah V Kelas B)', 'Unit', 0, 0, 0, 0),(87, 1189, 12, 'Jumlah koridor angkutan umum massal di Kawasan Aglomerasi Perkotaan', 'Trayek', 6, 93925000000, 7, 103432939000),(88, 1190, 8, 'Jumlah Pelayanan Posko Angkutan lebaran, natal dan tahun baru di BPSPP Wilayah III Kelas A', 'Lokasi', 11, 150000000, 11, 313400000),(89, 1190, 7, 'Jumlah Pelayanan Posko Angkutan lebaran, natal dan tahun baru di BPSPP Wilayah II Kelas B', 'Lokasi', 2, 60250000, 2, 85450000),(90, 1190, 6, 'Jumlah Pelayanan Posko Angkutan lebaran, natal dan tahun baru di BPSPP Wilayah I Kelas A', 'Lokasi', 4, 100000000, 4, 170000000),(91, 1190, 9, 'Jumlah Pelayanan Posko Angkutan lebaran, natal dan tahun baru di BPSPP Wilayah IV Kelas A', 'Lokasi', 3, 75000000, 4, 142800000),(92, 1190, 11, 'Jumlah Pelayanan Posko Angkutan lebaran, natal dan tahun baru di BPSPP Wilayah VI Kelas A', 'Lokasi', 5, 150000000, 5, 200000000),(93, 1190, 10, 'Jumlah Pelayanan Posko Angkutan lebaran, natal dan tahun baru di BPSPP Wilayah V Kelas B', 'Lokasi', 4, 150000000, 4, 150000000),(94, 1190, 2, 'Jumlah Pelayanan Posko Terpadu  Angkutan lebaran, natal dan tahun baru', 'Lokasi', 28, 1500000000, 28, 1450000000),(95, 1191, 2, 'Jumlah Evaluasi peningkatan kapasitas kelembagaan balai transportasi Jateng', 'Paket', 0, 0, 0, 0),(96, 1191, 2, 'Jumlah studi / kajian pengembangan angkutan aglomerasi', 'Dokumen', 0, 0, 1, 70000000),(97, 1191, 2, 'Jumlah Studi Review Maseterplan sistem angkutan massal', 'Dokumen', 0, 0, 0, 0),(98, 1192, 2, 'Jumlah Peserta sosialisasi angkutan aglomerasi', 'Orang', 300, 125000000, 300, 110000000),(99, 1192, 2, 'Sosialisasi Dokumen review masterplan SAUM', 'Lokasi', 0, 0, 0, 0),(100, 1196, 2, 'Jumlah Pelaksanaan fasilitasi angkutan perintis', 'Kali', 0, 0, 2, 50000000),(101, 1198, 2, 'Jumlah fasilitasi dan sosialisasi  angkutan lanjutan di simpul transportasi', 'Lokasi', 1, 20000000, 1, 20000000),(102, 1198, 2, 'Jumlah fasilitasi dan sosialisasi layanan angkutan kawasan untuk mendukung kawasan pariwisata strategis', 'Lokasi', 1, 20000000, 1, 20000000),(103, 1199, 2, 'Jumlah Evaluasi Trayek AKDP', 'Dokumen', 0, 0, 0, NULL),(104, 1199, 2, 'Jumlah Perusahaan AKDP yang memenuhi Standar Pelayanan Angkutan Orang', 'Unit', 30, 50000000, 30, 50000000),(105, 1200, 8, 'Jumlah pembaharuan izin yang diterbitkan untuk Perusahaan Bus AKDP (BPSPP Wilayah III Kelas A)', 'Unit', 10, 20000000, 10, 20000000),(106, 1200, 8, 'Jumlah pembinaan perusahaan angkutan umum AKDP (BPSPP Wilayah III Kelas A)', 'Unit', 10, 20850000, 10, 20850000),(107, 1200, 7, 'Jumlah pembaharuan izin yang diterbitkan untuk Perusahaan Bus AKDP (BPSPP Wilayah II Kelas B)', 'Unit', 6, 10000000, 6, 10000000),(108, 1200, 7, 'Jumlah pembinaan perusahaan angkutan umum AKDP (BPSPP Wilayah II Kelas B)', 'Unit', 6, 10000000, 6, 10000000),(109, 1200, 6, 'Jumlah pembaharuan izin yang diterbitkan untuk Perusahaan Bus AKDP (BPSPP Wilayah I Kelas A)', 'Unit', 9, 12500000, 9, 12500000),(110, 1200, 6, 'Jumlah pembinaan perusahaan angkutan umum AKDP (BPSPP Wilayah I Kelas A)', 'Unit', 9, 12500000, 9, 12500000),(111, 1200, 9, 'Jumlah pembaharuan izin yang diterbitkan untuk Perusahaan Bus AKDP (BPSPP Wilayah IV Kelas A)', 'Unit', 7, 15000000, 7, 15000000),(112, 1200, 9, 'Jumlah pembinaan perusahaan angkutan umum AKDP (BPSPP Wilayah IV Kelas A)', 'Unit', 7, 15000000, 7, 15000000),(113, 1200, 11, 'Jumlah pembaharuan izin yang diterbitkan untuk Perusahaan Bus AKDP (BPSPP Wilayah VI Kelas A)', 'Unit', 7, 15000000, 7, 15000000),(114, 1200, 11, 'Jumlah pembinaan perusahaan angkutan umum AKDP (BPSPP Wilayah VI Kelas A)', 'Unit', 7, 15000000, 7, 15000000),(115, 1200, 10, 'Jumlah pembaharuan izin yang diterbitkan untuk Perusahaan Bus AKDP (BPSPP Wilayah V Kelas B)', 'Unit', 6, 15000000, 6, 15000000),(116, 1200, 10, 'Jumlah pembinaan perusahaan angkutan umum AKDP (BPSPP Wilayah V Kelas B)', 'Unit', 6, 15000000, 6, 15000000),(117, 1202, 2, 'Jumlah evaluasi kebutuhan pelayanan dan SPM angkutan orang tidak dalam trayek', 'Trayek', 1, 25000000, 1, 25000000),(118, 1202, 2, 'Jumlah pembinaan perusahaan angkutan orang tidak dalam trayek', 'Unit', 15, 25000000, 15, 25000000),(119, 1205, 2, 'Jumlah evaluasi tarif dan load factor Trayek angkutan AKDP kelas Ekonomi', 'Trayek', 0, 0, 0, 0),(120, 1214, 12, 'Jumlah Perbaikan dan pemeliharaan KMC Kartini 1', 'Paket', 1, 1732216000, 1, 1732216000),(121, 1215, 5, 'Jumlah BAP Peninjauan lapangan dan Verifikasi izin yang diajukan oleh Perusahaan Angkutan Laut dan Jasa Terkait Angkutan di Perairan', 'Dokumen', 50, 65000000, 50, 135000000),(122, 1216, 5, 'Jumlah Appraisal KMC. Kartini I', 'Paket', 1, 140000000, 0, NULL),(123, 1216, 5, 'Jumlah Bintek Penyelenggaraan dan pengusahaan bongkar muat barang', 'Orang', 0, 0, 0, 0),(124, 1216, 5, 'Jumlah Bintek Penyelenggaraan dan pengusahaan Depo Peti Kemas', 'Orang', 0, 0, 0, 0),(125, 1216, 5, 'Jumlah Bintek Penyelenggaraan dan pengusahaan jasa pengurusan transportasi di perairan', 'Orang', 0, 0, 0, 0),(126, 1225, 5, 'Jumlah Evaluasi & monitoring faspel, kinerja pelabuhan', 'Lokasi', 13, 110265000, 13, 180265000),(127, 1225, 5, 'Jumlah Pemasangan & pelepasan mooring buoy', 'Lokasi', 0, 0, 0, 0),(128, 1225, 5, 'Jumlah Pemeliharaan SBNP', 'Lokasi', 0, 0, 0, 0),(129, 1225, 5, 'Jumlah Penyusunan buku fasilitas pelabuhan di Jateng', 'Buku', 10, 8585000, 10, 8585000),(130, 1225, 5, 'Jumlah Rakor pengoperasian dan pemeliharaan Pelabuhan', 'Lokasi', 3, 20250000, 3, 20250000),(131, 1225, 5, 'Jumlah Sosialisasi keselamatan pelayaran & pengadaan alat keselamatan pelayaran', 'Lokasi', 0, 0, 0, 0),(132, 1225, 5, 'Jumlah Sosialisasi SOP perijinan kepelabuhanan', 'Lokasi', 2, 10900000, 2, 10900000),(133, 1227, 5, 'Jumlah SK Gubernur terkait Penetapan trayek penyeberangan sungai lintas Kabupaten/Kota dalam 1 (satu) Daerah Provinsi', 'Dokumen', 1, 30000000, 1, 30000000),(134, 1228, 5, 'Jumlah Pembangunan Plengsengan Sungai', 'Lokasi', 0, 0, 3, 1165000000),(135, 1228, 5, 'Jumlah PJU Terpasang di dermaga sungai', 'Unit', 8, 215000000, 3, 75000000),(136, 1230, 5, 'Jumlah alat keselamatan ASDP', 'Buah', 0, 0, 0, 0),(137, 1230, 5, 'Jumlah dokumen Evaluasi Kinerja ASDP', 'Dokumen', 12, 47000000, 12, 47000000),(138, 1230, 5, 'Jumlah peserta Sosialisasi Keselamatan ASDP', 'Orang', 0, 0, 0, 0),(139, 1243, 4, 'Jumlah Penyusunan, Penetapan Kebijakan dan Sosialisasi Rencana Induk Perkeretaapian', 'Kegiatan', 0, 0, 0, 0),(140, 1245, 4, 'Jumlah FGD Revitalisasi Jalur KA', 'Lokasi', 0, 0, 0, NULL),(141, 1245, 4, 'Jumlah Pengadaan dan pemasangan Early Warning System', 'Lokasi', 1, 581000000, 5, 1662000000),(142, 1245, 4, 'Jumlah Pengadaan dan pemasangan fasilitas keselamatan di perlintasan sebidang', 'Lokasi', 3, 242000000, 3, 242000000),(143, 1245, 4, 'Jumlah Pengadaan dan Pemasangan PJU di Perlintasan sebidang', 'Lokasi', 0, 0, 0, 0),(144, 1245, 4, 'Jumlah Pengadan Gazon di perlintasan Sebidang', 'Buah', 0, 0, 0, 0),(145, 1245, 4, 'Jumlah Pengaman penunjang keselamatan di perlintasan sebidang', 'Lokasi', 4, 877024000, 4, 877024000),(146, 1245, 4, 'Jumlah Sosialisasi Keselamatan di Perlintasan Sebidang', 'Lokasi', 0, 0, 0, 0),(147, 1, 1, 'Jumlah dokumen perencanaan Perangkat Daerah yg disusun', 'Dokumen', 10, 350000000, 9, 300000000),(148, 7, 1, 'Jumlah dokumen evaluasi kinerja PD', 'Dokumen', 4, 100000000, 4, 100000000),(149, 8, 1, 'Jumlah bulan terpenuhinya kebutuhan gaji dan tunjangan ASN', 'Bulan', 12, 41878709000, 12, 42694088000),(150, 9, 12, 'Jumlah bulan terpenuhinya kebutuhan administrasi pendukung pelaksanaan tugas ASN (Balai Transportasi Jawa Tengah)', 'Bulan', 0, 0, 0, 0),(151, 9, 8, 'Jumlah bulan terpenuhinya kebutuhan administrasi pendukung pelaksanaan tugas ASN (BPSPP Wilayah III Kelas A)', 'Bulan', 12, 2000000, 12, 2000000),(152, 9, 7, 'Jumlah bulan terpenuhinya kebutuhan administrasi pendukung pelaksanaan tugas ASN (BPSPP Wilayah II Kelas B)', 'Bulan', 12, 2000000, 12, 2000000),(153, 9, 6, 'Jumlah bulan terpenuhinya kebutuhan administrasi pendukung pelaksanaan tugas ASN (BPSPP Wilayah I Kelas A)', 'Bulan', 12, 2000000, 12, 2000000),(154, 9, 9, 'Jumlah bulan terpenuhinya kebutuhan administrasi pendukung pelaksanaan tugas ASN (BPSPP Wilayah IV Kelas A)', 'Bulan', 12, 2000000, 12, 2000000),(155, 9, 11, 'Jumlah bulan terpenuhinya kebutuhan administrasi pendukung pelaksanaan tugas ASN (BPSPP Wilayah VI Kelas A)', 'Bulan', 12, 2000000, 12, 2000000),(156, 9, 10, 'Jumlah bulan terpenuhinya kebutuhan administrasi pendukung pelaksanaan tugas ASN (BPSPP Wilayah V Kelas B)', 'Bulan', 12, 2000000, 12, 2000000),(157, 9, 1, 'Jumlah bulan terpenuhinya kebutuhan administrasi pendukung pelaksanaan tugas ASN (Kantor Dinas Perhubungan)', 'Bulan', 12, 820200000, 12, 820200000),(158, 14, 1, 'Jumlah Laporan Keuangan Bulanan/Triwulanan/Semesteran PD yang disusun', 'Laporan', 12, 70000000, 12, 70000000),(159, 17, 1, 'Jumlah bulan terpenuhinya premi asuransi barang milik daerah', 'Bulan', 12, 165000000, 12, 165000000),(160, 31, 1, 'Jumlah unit pakaian dinas yang diadakan', 'Unit', 0, 0, 0, 0),(161, 32, 1, 'Jumlah bulan pelayanan administrasi kepegawaian perangkat daerah', 'Bulan', 12, 20000000, 12, 20000000),(162, 38, 1, 'Jumlah ASN yang mengikuti DIKLAT/Workshop/ Seminar', 'Orang', 20, 30000000, 20, 105000000),(163, 41, 12, 'Jumlah bulan terpenuhinya penyediaan komponen  Instalasi Listrik/Penerangan Bangunan Kantor (Balai Transportasi Jawa Tengah)', 'Bulan', 12, 7000000, 12, 7000000),(164, 41, 8, 'Jumlah bulan terpenuhinya penyediaan komponen  Instalasi Listrik/Penerangan Bangunan Kantor (BPSPP Wilayah III Kelas A)', 'Bulan', 12, 11000000, 12, 44500000),(165, 41, 7, 'Jumlah bulan terpenuhinya penyediaan komponen  Instalasi Listrik/Penerangan Bangunan Kantor (BPSPP Wilayah II Kelas B)', 'Bulan', 12, 2000000, 12, 35500000),(166, 41, 6, 'Jumlah bulan terpenuhinya penyediaan komponen  Instalasi Listrik/Penerangan Bangunan Kantor (BPSPP Wilayah I Kelas A)', 'Bulan', 12, 4000000, 12, 37500000),(167, 41, 9, 'Jumlah bulan terpenuhinya penyediaan komponen  Instalasi Listrik/Penerangan Bangunan Kantor (BPSPP Wilayah IV Kelas A)', 'Bulan', 12, 4000000, 12, 37500000),(168, 41, 11, 'Jumlah bulan terpenuhinya penyediaan komponen  Instalasi Listrik/Penerangan Bangunan Kantor (BPSPP Wilayah VI Kelas A)', 'Bulan', 12, 5000000, 12, 38500000),(169, 41, 10, 'Jumlah bulan terpenuhinya penyediaan komponen  Instalasi Listrik/Penerangan Bangunan Kantor (BPSPP Wilayah V Kelas B)', 'Bulan', 12, 3000000, 12, 36500000),(170, 41, 1, 'Jumlah bulan terpenuhinya penyediaan komponen  Instalasi Listrik/Penerangan Bangunan Kantor (Kantor Dinas Perhubungan)', 'Bulan', 12, 20000000, 12, 20000000),(171, 42, 12, 'Jumlah unit penyediaan Perlengkapan Kantor (Balai Transportasi Jawa Tengah)', 'Unit', 120, 6000000, 120, 6000000),(172, 42, 8, 'Jumlah unit penyediaan Perlengkapan Kantor (BPSPP Wilayah III Kelas A)', 'Unit', 240, 12000000, 240, 12000000),(173, 42, 7, 'Jumlah unit penyediaan Perlengkapan Kantor (BPSPP Wilayah II Kelas B)', 'Unit', 60, 3000000, 60, 3000000),(174, 42, 6, 'Jumlah unit penyediaan Perlengkapan Kantor (BPSPP Wilayah I Kelas A)', 'Unit', 100, 5000000, 100, 5000000),(175, 42, 9, 'Jumlah unit penyediaan Perlengkapan Kantor (BPSPP Wilayah IV Kelas A)', 'Unit', 100, 5000000, 100, 5000000),(176, 42, 1, 'Jumlah unit penyediaan Perlengkapan Kantor (BPSPP Wilayah VI Kelas A)', 'Unit', 120, 6000000, 120, 6000000),(177, 42, 10, 'Jumlah unit penyediaan Perlengkapan Kantor (BPSPP Wilayah V Kelas B)', 'Unit', 80, 4000000, 80, 4000000),(178, 42, 1, 'Jumlah unit penyediaan Peralatan Kantor', 'Unit', 0, 0, NULL, 0),(179, 42, 1, 'Jumlah unit penyediaan Perlengkapan Kantor (Kantor Dinas Perhubungan)', 'Unit', 800, 40000000, 1760, 88000000),(180, 43, 12, 'Jumlah bulan terpenuhinya kebutuhan rumah tangga perangkat daerah (Balai Transportasi Jawa Tengah)', 'Bulan', 12, 10500000, 12, 10500000),(181, 43, 8, 'Jumlah bulan terpenuhinya kebutuhan rumah tangga perangkat daerah (BPSPP Wilayah III Kelas A)', 'Bulan', 12, 11000000, 12, 11000000),(182, 43, 7, 'Jumlah bulan terpenuhinya kebutuhan rumah tangga perangkat daerah (BPSPP Wilayah II Kelas B)', 'Bulan', 12, 2000000, 12, 2000000),(183, 43, 6, 'Jumlah bulan terpenuhinya kebutuhan rumah tangga perangkat daerah (BPSPP Wilayah I Kelas A)', 'Bulan', 12, 4000000, 12, 4000000),(184, 43, 9, 'Jumlah bulan terpenuhinya kebutuhan rumah tangga perangkat daerah (BPSPP Wilayah IV Kelas A)', 'Bulan', 12, 4000000, 12, 4000000),(185, 43, 11, 'Jumlah bulan terpenuhinya kebutuhan rumah tangga perangkat daerah (BPSPP Wilayah VI Kelas A)', 'Bulan', 12, 5000000, 12, 5000000),(186, 43, 10, 'Jumlah bulan terpenuhinya kebutuhan rumah tangga perangkat daerah (BPSPP Wilayah V Kelas B)', 'Bulan', 12, 3000000, 12, 3000000),(187, 43, 1, 'Jumlah bulan terpenuhinya kebutuhan rumah tangga perangkat daerah (Kantor Dinas Perhubungan)', 'Bulan', 12, 50000000, 12, 50000000),(188, 44, 12, 'Jumlah Bulan terpenuhinya kebutuhan logistik kantor (Balai Transportasi Jawa Tengah)', 'Bulan', 0, 0, 0, 0),(189, 44, 8, 'Jumlah Bulan terpenuhinya kebutuhan logistik kantor (BPSPP Wilayah III Kelas A)', 'Bulan', 12, 5500000, 12, 5500000),(190, 44, 7, 'Jumlah Bulan terpenuhinya kebutuhan logistik kantor (BPSPP Wilayah II Kelas B)', 'Bulan', 0, 1000000, 12, 1000000),(191, 44, 6, 'Jumlah Bulan terpenuhinya kebutuhan logistik kantor (BPSPP Wilayah I Kelas A)', 'Bulan', 12, 1500000, 12, 1500000),(192, 44, 9, 'Jumlah Bulan terpenuhinya kebutuhan logistik kantor (BPSPP Wilayah IV Kelas A)', 'Bulan', 12, 1500000, 12, 1500000),(193, 44, 11, 'Jumlah Bulan terpenuhinya kebutuhan logistik kantor (BPSPP Wilayah VI Kelas A)', 'Bulan', 12, 2000000, 12, 2000000),(194, 44, 10, 'Jumlah Bulan terpenuhinya kebutuhan logistik kantor (BPSPP Wilayah V Kelas B)', 'Bulan', 12, 1500000, 12, 1500000),(195, 44, 1, 'Jumlah Bulan terpenuhinya kebutuhan logistik kantor (Kantor Dinas Perhubungan)', 'Bulan', 12, 200000000, 12, 200000000),(196, 45, 12, 'Jumlah Bulan terpenuhinya kebutuhan barang cetakan dan penggandaan kantor (Balai Transportasi Jawa Tengah)', 'Bulan', 12, 3000000, 12, 3000000),(197, 45, 8, 'Jumlah Bulan terpenuhinya kebutuhan barang cetakan dan penggandaan kantor (BPSPP Wilayah III Kelas A)', 'Bulan', 12, 10000000, 12, 48400000),(198, 45, 7, 'Jumlah Bulan terpenuhinya kebutuhan barang cetakan dan penggandaan kantor (BPSPP Wilayah II Kelas B)', 'Bulan', 12, 1500000, 12, 5612000),(199, 45, 6, 'Jumlah Bulan terpenuhinya kebutuhan barang cetakan dan penggandaan kantor (BPSPP Wilayah I Kelas A)', 'Bulan', 12, 3000000, 12, 9840000),(200, 45, 9, 'Jumlah Bulan terpenuhinya kebutuhan barang cetakan dan penggandaan kantor (BPSPP Wilayah IV Kelas A)', 'Bulan', 12, 3000000, 12, 14200000),(201, 45, 11, 'Jumlah Bulan terpenuhinya kebutuhan barang cetakan dan penggandaan kantor (BPSPP Wilayah VI Kelas A)', 'Bulan', 12, 4000000, 12, 22000000),(202, 45, 10, 'Jumlah Bulan terpenuhinya kebutuhan barang cetakan dan penggandaan kantor (BPSPP Wilayah V Kelas B)', 'Bulan', 12, 2000000, 12, 14000000),(203, 45, 1, 'Jumlah Bulan terpenuhinya kebutuhan barang cetakan dan penggandaan kantor (Kantor Dinas Perhubungan)', 'Bulan', 12, 126000000, 12, 165000000),(204, 46, 1, 'Jumlah bulan tercukupinya kebutuhan bahan bacaan/buku perpustakaan PD', 'Bulan', 12, 5000000, 12, 5000000),(205, 48, 1, 'Jumlah bulan terpenuhinya kebutuhan fasilitasi kunjungan tamu', 'Bulan', 12, 60000000, 12, 60000000),(206, 49, 1, 'Jumlah bulan terpenuhinya pelaksanaan rapat-rapat koordinasi dan konsultasi ke dalam dan luar daerah', 'Bulan', 12, 1500000000, 12, 1500000000),(207, 51, 1, 'Jumlah laporan pelaksanaan SPBE', 'Laporan', 3000, 60000000, 3000, 60000000),(208, 53, 1, 'Jumlah unit pengadaan kendaraan dinas operasional', 'Unit', 0, 0, 0, 0),(209, 55, 1, 'Jumlah Unit pengadaan Alat Angkutan Darat tak bermotor', 'Unit', 0, 0, 0, NULL),(210, 56, 1, 'Jumlah unit pengadaan meubelair', 'Unit', 0, 0, 0, 0),(211, 57, 1, 'Jumlah unit pengadaan  Peralatan dan Mesin', 'Unit', 0, 0, 1, 150000000),(212, 59, 12, 'Jumlah unit Aset Tak Berwujud (Balai Transportasi Jawa Tengah)', 'Unit', 0, 0, 1, 200000000),(213, 61, 1, 'Jumlah unit Sarana dan Prasarana gedung Kantor/ Bangunan Lainnya', 'Unit', 0, 0, 5, 105000000),(214, 63, 12, 'Jumlah bulan pemenuhan pelayanan surat menyurat PD (Balai Transportasi Jawa Tengah)', 'Bulan', 0, 0, 0, 0),(215, 63, 8, 'Jumlah bulan pemenuhan pelayanan surat menyurat PD (BPSPP Wilayah III Kelas A)', 'Bulan', 0, 0, 0, 0),(216, 63, 7, 'Jumlah bulan pemenuhan pelayanan surat menyurat PD (BPSPP Wilayah II Kelas B)', 'Bulan', 0, 0, 0, 0),(217, 63, 6, 'Jumlah bulan pemenuhan pelayanan surat menyurat PD (BPSPP Wilayah I Kelas A)', 'Bulan', 0, 0, 0, 0),(218, 63, 9, 'Jumlah bulan pemenuhan pelayanan surat menyurat PD (BPSPP Wilayah IV Kelas A)', 'Bulan', 0, 0, 0, 0),(219, 63, 11, 'Jumlah bulan pemenuhan pelayanan surat menyurat PD (BPSPP Wilayah VI Kelas A)', 'Bulan', 0, 0, 0, 0),(220, 63, 10, 'Jumlah bulan pemenuhan pelayanan surat menyurat PD (BPSPP Wilayah V Kelas B)', 'Bulan', 0, 0, 0, 0),(221, 63, 1, 'Jumlah bulan pemenuhan pelayanan surat menyurat PD (Kantor Dinas Perhubungan)', 'Bulan', 12, 4000000, 12, 4000000),(222, 64, 1, 'Jumlah bulan terpenuhinya Jasa Komunikasi,air dan listrik PD', 'Bulan', 12, 1660000000, 12, 1867507000),(223, 66, 12, 'Jumlah bulan terpenuhinya jasa pelayanan umum kantor (Balai Transportasi Jawa Tengah)', 'Bulan', 12, 5000000, 12, 5000000),(224, 66, 8, 'Jumlah bulan terpenuhinya jasa pelayanan umum kantor (BPSPP Wilayah III Kelas A)', 'Bulan', 12, 43200000, 12, 43200000),(225, 66, 7, 'Jumlah bulan terpenuhinya jasa pelayanan umum kantor (BPSPP Wilayah II Kelas B)', 'Bulan', 12, 7000000, 12, 7000000),(226, 66, 6, 'Jumlah bulan terpenuhinya jasa pelayanan umum kantor (BPSPP Wilayah I Kelas A)', 'Bulan', 12, 20000000, 12, 20000000),(227, 66, 9, 'Jumlah bulan terpenuhinya jasa pelayanan umum kantor (BPSPP Wilayah IV Kelas A)', 'Bulan', 12, 25000000, 12, 25000000),(228, 66, 11, 'Jumlah bulan terpenuhinya jasa pelayanan umum kantor (BPSPP Wilayah VI Kelas A)', 'Bulan', 12, 26400000, 12, 26400000),(229, 66, 10, 'Jumlah bulan terpenuhinya jasa pelayanan umum kantor (BPSPP Wilayah V Kelas B)', 'Bulan', 12, 19000000, 12, 19000000),(230, 66, 1, 'Jumlah bulan terpenuhinya jasa pelayanan umum kantor (Kantor Dinas Perhubungan)', 'Bulan', 12, 9446506000, 12, 9446506000),(231, 68, 1, 'Jumlah bulan terpenuhinya biaya Pemeliharaan Rutin/ Berkala dan Pajak Kendaraan Dinas Operasional', 'Bulan', 12, 687400000, 12, 687400000),(232, 72, 1, 'Jumlah bulan terpenuhinya Pemeliharaan peralatan dan mesin lainnya', 'Bulan', 12, 150000000, 12, 150000000),(233, 74, 12, 'Jumlah bulan terpenuhinya biaya Pemeliharaan Aset tetap tak berwujud (Balai Transportasi Jawa Tengah)', 'Bulan', 12, 200000000, 12, 200000000),(234, 75, 12, 'Jumlah Unit Gedung Yang Direhab (Balai Transportasi Jawa Tengah)', 'Unit', 0, 0, 0, 0),(235, 75, 8, 'Jumlah Unit Gedung Yang Direhab (BPSPP Wilayah III Kelas A)', 'Unit', 1, 35000000, 1, 200000000),(236, 75, 7, 'Jumlah Unit Gedung Yang Direhab (BPSPP Wilayah II Kelas B)', 'Unit', 1, 35000000, 1, 35000000),(237, 75, 6, 'Jumlah Unit Gedung Yang Direhab (BPSPP Wilayah I Kelas A)', 'Unit', 1, 35000000, 1, 35000000),(238, 75, 9, 'Jumlah Unit Gedung Yang Direhab (BPSPP Wilayah IV Kelas A)', 'Unit', 1, 35000000, 1, 35000000),(239, 75, 11, 'Jumlah Unit Gedung Yang Direhab (BPSPP Wilayah VI Kelas A)', 'Unit', 1, 35000000, 1, 35000000),(240, 75, 10, 'Jumlah Unit Gedung Yang Direhab (BPSPP Wilayah V Kelas B)', 'Unit', 1, 35000000, 1, 35000000),(241, 75, 1, 'Jumlah Unit Gedung Yang Direhab (Kantor Dinas Perhubungan)', 'Unit', 8, 200000000, 2, 300000000),(242, 76, 12, 'Jumlah bulan terpenuhinya Pemeliharaan Rutin/ Berkala dsarana prasarana pendukung gedung kantor (Balai Transportasi Jawa Tengah)', 'Bulan', 12, 2500000, 12, 2500000),(243, 76, 8, 'Jumlah bulan terpenuhinya Pemeliharaan Rutin/ Berkala sarana prasarana pendukung gedung kantor (BPSPP Wilayah III Kelas A)', 'Bulan', 12, 10000000, 12, 10000000),(244, 76, 7, 'Jumlah bulan terpenuhinya Pemeliharaan Rutin/ Berkala sarana prasarana pendukung gedung kantor (BPSPP Wilayah II Kelas B)', 'Bulan', 12, 1000000, 12, 1000000),(245, 76, 6, 'Jumlah bulan terpenuhinya Pemeliharaan Rutin/ Berkala sarana prasarana pendukung gedung kantor (BPSPP Wilayah I Kelas A)', 'Bulan', 12, 4000000, 12, 4000000),(246, 76, 9, 'Jumlah bulan terpenuhinya Pemeliharaan Rutin/ Berkala sarana prasarana pendukung gedung kantor (BPSPP Wilayah IV Kelas A)', 'Bulan', 12, 4000000, 12, 4000000),(247, 76, 11, 'Jumlah bulan terpenuhinya Pemeliharaan Rutin/ Berkala sarana prasarana pendukung gedung kantor (BPSPP Wilayah VI Kelas A)', 'Bulan', 12, 5000000, 12, 5000000),(248, 76, 10, 'Jumlah bulan terpenuhinya Pemeliharaan Rutin/ Berkala sarana prasarana pendukung gedung kantor (BPSPP Wilayah V Kelas B)', 'Bulan', 12, 3000000, 12, 3000000),(249, 76, 1, 'Jumlah bulan terpenuhinya Pemeliharaan Rutin/ Berkala sarana prasarana pendukung gedung kantor (Kantor Dinas Perhubungan)', 'Bulan', 12, 100000000, 12, 100000000),(250, 77, 1, 'Jumlah bulan terpenuhinya biaya Pemeliharaan Rutin/ Berkala dsarana prasarana pendukung gedung kantor', 'Bulan', 12, 150000000, 12, 150000000);
UNLOCK TABLES;
COMMIT;
BEGIN;
LOCK TABLES `db_sitemon`.`tb_kegiatan` WRITE;
DELETE FROM `db_sitemon`.`tb_kegiatan`;
INSERT INTO `db_sitemon`.`tb_kegiatan` (`id_kegiatan`,`kode_kegiatan`,`id_program`,`kegiatan`) VALUES (1, '1.01', 1, 'Perencanaan, Penganggaran, dan Evaluasi Kinerja Perangkat Daerah'),(2, '1.02', 1, 'Administrasi Keuangan Perangkat Daerah'),(3, '1.03', 1, 'Administrasi Barang Milik Daerah pada Perangkat Daerah'),(4, '1.04', 1, 'Administrasi Pendapatan Daerah Kewenangan Perangkat Daerah'),(5, '1.05', 1, 'Administrasi Kepegawaian Perangkat Daerah'),(6, '1.06', 1, 'Administrasi Umum Perangkat Daerah'),(7, '1.07', 1, 'Pengadaan Barang Milik Daerah Penunjang Urusan Pemerintah Daerah'),(8, '1.08', 1, 'Penyediaan Jasa Penunjang Urusan Pemerintahan Daerah'),(9, '1.09', 1, 'Pemeliharaan Barang Milik Daerah Penunjang Urusan Pemerintahan Daerah'),(10, '1.10', 1, 'Peningkatan Pelayanan BLUD'),(11, '1.11', 1, 'Administrasi Keuangan dan Operasional Kepala Daerah dan Wakil Kepala Daerah'),(12, '1.12', 1, 'Fasilitasi Kerumahtanggaan Sekretariat Daerah'),(13, '1.13', 1, 'Fasilitasi Materi dan Komunikasi Pimpinan'),(14, '1.14', 1, 'Fasilitasi Keprotokolan'),(15, '1.15', 1, 'Layanan Keuangan dan Kesejahteraan DPRD'),(16, '1.16', 1, 'Layanan Adminstrasi DPRD'),(202, '1.01', 93, 'Penetapan Rencana Induk Jaringan LLAJ Provinsi'),(203, '1.02', 93, 'Penyediaan Perlengkapan Jalan di Jalan Provinsi'),(204, '1.03', 93, 'Pengelolaan Terminal Penumpang Tipe B'),(205, '1.04', 93, 'Pengelolaan Terminal Penumpang Tipe A *****)'),(206, '1.05', 93, 'Pelaksanaan Manajemen dan Rekayasa Lalu Lintas untuk Jaringan Jalan Provinsi'),(207, '1.06', 93, 'Persetujuan Hasil Analisis Dampak Lalu Lintas (Andalalin) untuk Jalan Provinsi'),(208, '1.07', 93, 'Audit dan Inspeksi Keselamatan LLAJ di Jalan'),(209, '1.08', 93, 'Penyediaan Angkutan Umum untuk Jasa Angkutan Orang dan/atau Barang Antar Kota dalam 1 (satu) Daerah Provinsi'),(210, '1.09', 93, 'Penetapan Kawasan Perkotaan untuk Pelayanan Angkutan Perkotaan yang Melampaui Batas 1 (satu) Daerah Kabupaten/Kota dalam 1 (satu) Daerah Provinsi'),(211, '1.10', 93, 'Penetapan Rencana Umum Jaringan Trayek Antarkota dalam Daerah Provinsi dan Perkotaan yang Melampaui Batas 1 (satu) Daerah Kabupaten/Kota'),(212, '1.11', 93, 'Penetapan Rencana Umum Jaringan Trayek Pedesaan yang Melampaui 1 (satu) Daerah Kabupaten dalam 1 (satu) Daerah Provinsi'),(213, '1.12', 93, 'Penetapan Wilayah Operasi Angkutan Orang dengan Menggunakan Taksi dalam Kawasan Perkotaan yang Wilayah Operasinya Melampaui Daerah Kabupaten/Kota dalam 1 (satu) Daerah Provinsi'),(214, '1.13', 93, 'Penerbitan Izin Penyelenggaraan Angkutan Orang dalam Trayek Lintas Daerah Kabupaten/Kota dalam 1 (satu) Daerah Provinsi'),(215, '1.14', 93, 'Penerbitan Izin Penyelenggaraan Angkutan Taksi yang Wilayah Operasinya Melampaui Lebih dari 1 (satu) Daerah Kabupaten/Kota dalam 1 (satu) Daerah Provinsi'),(216, '1.15', 93, 'Penetapan Tarif Kelas Ekonomi untuk Angkutan Orang yang Melayani Trayek antar Kota dalam Daerah Provinsi serta Angkutan Perkotaan dan Perdesaan yang Melampaui 1 (satu) Daerah Kabupaten/Kota dalam 1 (satu) Daerah Provinsi'),(217, '1.01', 94, 'Penerbitan Izin Usaha Angkutan Laut bagi Badan Usaha yang Berdomisili dalam Wilayah dan Beroperasi pada Lintas Pelabuhan antar Daerah Kabupaten/Kota dalam Wilayah Daerah Provinsi'),(218, '1.02', 94, 'Penerbitan Izin Usaha Angkutan Laut Pelayaran Rakyat bagi Orang Perorangan atau Badan Usaha yang Berdomisili dan yang Beroperasi pada Lintas Pelabuhan antar Daerah Kabupaten/Kota dalam Daerah Provinsi, Pelabuhan antar Daerah Provinsi, dan Pelabuhan Intern'),(219, '1.03', 94, 'Penerbitan Izin Trayek Penyelenggaraan Angkutan Sungai dan Danau untuk Kapal yang Melayani Trayek antar Daerah Kabupaten/Kota dalam Daerah Provinsi yang Bersangkutan'),(220, '1.04', 94, 'Penetapan Lintas Penyeberangan dan Persetujuan Pengoperasian Kapal antar Daerah Kabupaten/Kota dalam Daerah Provinsi yang Terletak pada Jaringan Jalan Provinsi dan/atau Jaringan Jalur Kereta Api Provinsi'),(221, '1.05', 94, 'Penetapan Lintas Penyeberangan dan Persetujuan Pengoperasian untuk Kapal yang Melayani Penyeberangan Lintas Pelabuhan antar Daerah Kabupaten/Kota dalam 1 (satu) Daerah Provinsi'),(222, '1.06', 94, 'Penerbitan Izin Usaha Jasa Terkait Berupa Bongkar Muat Barang, Jasa Pengurusan Transportasi, Angkutan Perairan Pelabuhan, Penyewaan Peralatan Angkutan Laut atau Peralatan Jasa Terkait Dengan Angkutan Laut, Tally Mandiri, dan Depo Peti Kemas'),(223, '1.07', 94, 'Penetapan Tarif Angkutan Penyeberangan Penumpang Kelas Ekonomi dan Kendaraan Beserta Muatannya pada Lintas Penyeberangan antar Daerah Kabupaten/Kota dalam Daerah Provinsi'),(224, '1.08', 94, 'Penetapan Rencana Induk dan Daerah Lingkungan Kerja (DLKR)/Daerah Lingkungan Kepentingan (DLKP) Pelabuhan Pengumpan Regional'),(225, '1.09', 94, 'Pembangunan, Penerbitan Izin Pembangunan dan Pengoperasian Pelabuhan Pengumpan Regional'),(226, '1.10', 94, 'Pembangunan dan Penerbitan Izin Pelabuhan Sungai dan Danau yang Melayani Trayek Lintas Daerah Kabupaten/Kota dalam 1 (satu) Daerah Provinsi'),(227, '1.11', 94, 'Penerbitan Izin Usaha untuk Badan Usaha Pelabuhan di Pelabuhan Pengumpan Regional'),(228, '1.12', 94, 'Penerbitan Izin Pengembangan Pelabuhan untuk Pelabuhan Pengumpan Regional'),(229, '1.13', 94, 'Penerbitan Izin Pengoperasian Pelabuhan Selama 24 Jam untuk Pelabuhan Pengumpan Regional'),(230, '1.14', 94, 'Penerbitan Izin Pekerjaan Pengerukan di Wilayah Perairan Pelabuhan Pengumpan Regional'),(231, '1.15', 94, 'Penerbitan Izin Reklamasi di Wilayah Perairan Pelabuhan Pengumpan Regional'),(232, '1.16', 94, 'Penerbitan Izin Pengelolaan Terminal untuk Kepentingan Sendiri (TUKS) di dalam DLKR/DLKP Pelabuhan Pengumpan Regional'),(233, '1.01', 96, 'Penetapan Rencana Induk Perkeretaapian'),(234, '1.02', 96, 'Penerbitan Izin Usaha, Izin Pembangunan dan Izin Operasi Prasarana Perkeretaapian Umum yang Jaringan Jalurnya Melintasi Batas Daerah'),(235, '1.03', 96, 'Penetapan Jaringan Jalur Kereta Api yang Jaringannya Melebihi Wilayah 1 (satu) Daerah Kabupaten/Kota dalam 1 (satu) Daerah Provinsi'),(236, '1.04', 96, 'Penetapan Kelas Stasiun untuk Stasiun pada Jaringan Jalur Kereta Api Provinsi'),(237, '1.05', 96, 'Penerbitan Izin Operasi Sarana Perkeretaapian Umum yang Jaringan Jalurnya Melintasi Batas Daerah Kabupaten/Kota dalam 1 (satu) Daerah Provinsi'),(238, '1.06', 96, 'Penetapan Jaringan Pelayanan Perkeretaapian pada Jaringan Jalur Perkeretaapian Provinsi'),(239, '1.07', 96, 'Penerbitan Izin Pengadaan atau Pembangunan Perkeretaapian Khusus, Izin Operasi, dan Penetapan Jalur Kereta Api Khusus yang Jaringannya Melebihi 1 (satu) Daerah Kabupaten/Kota dalam 1 (satu) Daerah Provinsi');
UNLOCK TABLES;
COMMIT;
BEGIN;
LOCK TABLES `db_sitemon`.`tb_program` WRITE;
DELETE FROM `db_sitemon`.`tb_program`;
INSERT INTO `db_sitemon`.`tb_program` (`id_program`,`id_urusan`,`kode_program`,`program`) VALUES (1, 63, '01', 'PROGRAM PENUNJANG URUSAN PEMERINTAHAN DAERAH PROVINSI'),(93, 17, '02', 'PROGRAM PENYELENGGARAAN LALU LINTAS DAN ANGKUTAN JALAN (LLAJ)'),(94, 17, '03', 'PROGRAM PENGELOLAAN PELAYARAN'),(95, 17, '04', 'PROGRAM PENGELOLAAN PENERBANGAN'),(96, 17, '05', 'PROGRAM PENGELOLAAN PERKERETAAPIAN');
UNLOCK TABLES;
COMMIT;
BEGIN;
LOCK TABLES `db_sitemon`.`tb_subkegiatan` WRITE;
DELETE FROM `db_sitemon`.`tb_subkegiatan`;
INSERT INTO `db_sitemon`.`tb_subkegiatan` (`id_subkegiatan`,`kode_subkegiatan`,`id_kegiatan`,`subkegiatan`) VALUES (1, '01', 1, 'Penyusunan Dokumen Perencanaan Perangkat Daerah'),(2, '02', 1, 'Koordinasi dan Penyusunan Dokumen RKA-SKPD'),(3, '03', 1, 'Koordinasi dan Penyusunan Dokumen Perubahan RKA- SKPD'),(4, '04', 1, 'Koordinasi dan Penyusunan DPA-SKPD'),(5, '05', 1, 'Koordinasi dan Penyusunan Perubahan DPA-SKPD'),(6, '06', 1, 'Koordinasi dan Penyusunan Laporan Capaian Kinerja dan Ikhtisar Realisasi Kinerja SKPD'),(7, '07', 1, 'Evaluasi Kinerja Perangkat Daerah'),(8, '01', 2, 'Penyediaan Gaji dan Tunjangan ASN'),(9, '02', 2, 'Penyediaan Administrasi Pelaksanaan Tugas ASN'),(10, '03', 2, 'Pelaksanaan Penatausahaan dan Pengujian/Verifikasi Keuangan SKPD'),(11, '04', 2, 'Koordinasi dan Pelaksanaan Akuntansi SKPD'),(12, '05', 2, 'Koordinasi dan Penyusunan Laporan Keuangan Akhir Tahun SKPD'),(13, '06', 2, 'Pengelolaan dan Penyiapan Bahan Tanggapan Pemeriksaan'),(14, '07', 2, 'Koordinasi dan Penyusunan Laporan Keuangan Bulanan/Triwulanan/Semesteran SKPD'),(15, '08', 2, 'Penyusunan Pelaporan dan Analisis Prognosis Realisasi Anggaran'),(16, '01', 3, 'Penyusunan Perencanaan Kebutuhan Barang Milik Daerah SKPD'),(17, '02', 3, 'Pengamanan Barang Milik Daerah SKPD'),(18, '03', 3, 'Koordinasi dan Penilaian Barang Milik Daerah SKPD'),(19, '04', 3, 'Pembinaan, Pengawasan, dan Pengendalian Barang Milik Daerah pada SKPD'),(20, '05', 3, 'Rekonsiliasi dan Penyusunan Laporan Barang Milik Daerah pada SKPD'),(21, '06', 3, 'Penatausahaan Barang Milik Daerah pada SKPD'),(22, '07', 3, 'Pemanfaatan Barang Milik Daerah SKPD'),(23, '01', 4, 'Perencanaan Pengelolaan Retribusi Daerah'),(24, '02', 4, 'Analisa dan Pengembangan Retribusi Daerah, serta Penyusunan Kebijakan Retribusi Daerah'),(25, '03', 4, 'Penyuluhan dan Penyebarluasan Kebijakan Retribusi Daerah'),(26, '04', 4, 'Pendataan dan Pendaftaran Objek Retribusi Daerah'),(27, '05', 4, 'Pengolahan Data Retribusi Daerah'),(28, '06', 4, 'Penetapan Wajib Retribusi Daerah'),(29, '07', 4, 'Pelaporan Pengelolaan Retribusi Daerah'),(30, '01', 5, 'Peningkatan Sarana dan Prasarana Disiplin Pegawai'),(31, '02', 5, 'Pengadaan Pakaian Dinas Beserta Atribut Kelengkapannya'),(32, '03', 5, 'Pendataan dan Pengolahan Administrasi Kepegawaian'),(33, '04', 5, 'Koordinasi dan Pelaksanaaan Sistem Informasi Kepegawaian'),(34, '05', 5, 'Monitoring, Evaluasi, dan Penilaian Kinerja Pegawai'),(35, '06', 5, 'Pemulangan Pegawai yang Pensiun'),(36, '07', 5, 'Pemulangan Pegawai yang Meninggal dalam Melaksanakan Tugas'),(37, '08', 5, 'Pemindahan Tugas ASN'),(38, '09', 5, 'Pendidikan dan Pelatihan Pegawai Berdasarkan Tugas dan Fungsi'),(39, '10', 5, 'Sosialisasi Peraturan Perundang-Undangan'),(40, '11', 5, 'Bimbingan Teknis Implementasi Peraturan Perundang- Undangan'),(41, '01', 6, 'Penyediaan Komponen Instalasi Listrik/Penerangan Bangunan Kantor'),(42, '02', 6, 'Penyediaan Peralatan dan Perlengkapan Kantor'),(43, '03', 6, 'Penyediaan Peralatan Rumah Tangga'),(44, '04', 6, 'Penyediaan Bahan Logistik Kantor'),(45, '05', 6, 'Penyediaan Barang Cetakan dan Penggandaan'),(46, '06', 6, 'Penyediaan Bahan Bacaan dan Peraturan Perundang- undangan'),(47, '07', 6, 'Penyediaan Bahan/Material'),(48, '08', 6, 'Fasilitasi Kunjungan Tamu'),(49, '09', 6, 'Penyelenggaraan Rapat Koordinasi dan Konsultasi SKPD'),(50, '10', 6, 'Penatausahaan Arsip Dinamis pada SKPD'),(51, '11', 6, 'Dukungan Pelaksanaan Sistem Pemerintahan Berbasis Elektronik pada SKPD'),(52, '01', 7, 'Pengadaan Kendaraan Perorangan Dinas atau Kendaraan Dinas Jabatan'),(53, '02', 7, 'Pengadaan Kendaraan Dinas Operasional atau Lapangan'),(54, '03', 7, 'Pengadaan Alat Besar'),(55, '04', 7, 'Pengadaan Alat Angkutan Darat Tak Bermotor'),(56, '05', 7, 'Pengadaan Mebel'),(57, '06', 7, 'Pengadaan Peralatan dan Mesin Lainnya'),(58, '07', 7, 'Pengadaan Aset Tetap Lainnya'),(59, '08', 7, 'Pengadaan Aset Tak Berwujud'),(60, '09', 7, 'Pengadaan Gedung Kantor atau Bangunan Lainnya'),(61, '10', 7, 'Pengadaan Sarana dan Prasarana Gedung Kantor atau Bangunan Lainnya'),(62, '11', 7, 'Pengadaan Sarana dan Prasarana Pendukung Gedung Kantor atau Bangunan Lainnya'),(63, '01', 8, 'Penyediaan Jasa Surat Menyurat'),(64, '02', 8, 'Penyediaan Jasa Komunikasi, Sumber Daya Air dan Listrik'),(65, '03', 8, 'Penyediaan Jasa Peralatan dan Perlengkapan Kantor'),(66, '04', 8, 'Penyediaan Jasa Pelayanan Umum Kantor'),(67, '01', 9, 'Penyediaan Jasa Pemeliharaan, Biaya Pemeliharaan dan Pajak Kendaraan Perorangan Dinas atau Kendaraan Dinas Jabatan'),(68, '02', 9, 'Penyediaan Jasa Pemeliharaan, Biaya Pemeliharaan, Pajak dan Perizinan Kendaraan Dinas Operasional atau Lapangan'),(69, '03', 9, 'Penyediaan Jasa Pemeliharaan, Biaya Pemeliharaan dan Perizinan Alat Besar'),(70, '04', 9, 'Penyediaan Jasa Pemeliharaan, Biaya Pemeliharaan dan Perizinan Alat Angkutan Darat Tak Bermotor'),(71, '05', 9, 'Pemeliharaan Mebel'),(72, '06', 9, 'Pemeliharaan Peralatan dan Mesin Lainnya'),(73, '07', 9, 'Pemeliharaan Aset Tetap Lainnya'),(74, '08', 9, 'Pemeliharaan Aset Tak Berwujud'),(75, '09', 9, 'Pemeliharaan/Rehabilitasi Gedung Kantor dan Bangunan Lainnya'),(76, '10', 9, 'Pemeliharaan/Rehabilitasi Sarana dan Prasarana Gedung Kantor atau Bangunan Lainnya'),(77, '11', 9, 'Pemeliharaan/Rehabilitasi Sarana dan Prasarana Pendukung Gedung Kantor atau Bangunan Lainnya'),(78, '12', 9, 'Pemeliharaan/Rehabilitasi Tanah'),(79, '01', 10, 'Pelayanan dan Penunjang Pelayanan BLUD'),(80, '01', 11, 'Penyediaan Gaji dan Tunjangan Kepala Daerah dan Wakil Kepala Daerah'),(81, '02', 11, 'Penyediaan Pakaian Dinas dan Atribut Kelengkapan Kepala Daerah dan Wakil Kepala Daerah'),(82, '03', 11, 'Pelaksanaan Medical Check Up Kepala Daerah dan Wakil Kepala Daerah'),(83, '04', 11, 'Penyediaan Dana Penunjang Operasional Kepala Daerah dan Wakil Kepala Daerah'),(84, '01', 12, 'Penyediaan Kebutuhan Rumah Tangga Kepala Daerah'),(85, '02', 12, 'Penyediaan Kebutuhan Rumah Tangga Wakil Kepala Daerah'),(86, '03', 12, 'Penyediaan Kebutuhan Rumah Tangga Sekretariat Daerah'),(87, '01', 13, 'Penyiapan Materi Pimpinan'),(88, '02', 13, 'Fasilitasi Komunikasi Pimpinan'),(89, '03', 13, 'Pengelolaan Dokumentasi Pimpinan'),(90, '01', 14, 'Fasilitasi dan Koordinasi Pelaksanaan Acara'),(91, '02', 14, 'Fasilitasi Kunjungan Tamu Kepala Daerah dan Wakil Kepala Daerah'),(92, '03', 14, 'Pengelolaan Hubungan Keprotokolan'),(93, '01', 15, 'Penyelenggaraan Administrasi Keuangan DPRD'),(94, '02', 15, 'Penyediaan Pakaian Dinas dan Atribut DPRD'),(95, '03', 15, 'Pelaksanaan Medical Check Up DPRD'),(96, '01', 16, 'Penyelenggaraan Administrasi Keanggotaan DPRD'),(97, '02', 16, 'Fasilitasi Fraksi DPRD'),(98, '03', 16, 'Fasilitasi Rapat Koordinasi dan Konsultasi DPRD'),(99, '04', 16, 'Penyediaan Kebutuhan Rumah Tangga DPRD'),(1158, '01', 202, 'Pelaksanaan Penyusunan Rencana Induk Jaringan LLAJ Provinsi'),(1159, '02', 202, 'Penetapan Kebijakan dan Sosialisasi Rencana Induk Jaringan LLAJ Provinsi'),(1160, '03', 202, 'Pengendalian Pelaksanaan Rencana Induk Jaringan LLAJ Provinsi'),(1161, '01', 203, 'Pembangunan Prasarana Jalan di Jalan Provinsi'),(1162, '02', 203, 'Penyediaan Perlengkapan Jalan di Jalan Provinsi'),(1163, '03', 203, 'Rehabilitasi dan Pemeliharaan Prasarana Jalan'),(1164, '04', 203, 'Rehabilitasi dan Pemeliharaan Perlengkapan Jalan'),(1165, '01', 204, 'Penyusunan Rencana Pembangunan Terminal Penumpang Tipe B'),(1166, '02', 204, 'Pembangunan Gedung Terminal'),(1167, '03', 204, 'Pengembangan Sarana dan Prasarana Terminal'),(1168, '04', 204, 'Rehabilitasi dan Pemeliharaan Terminal (Fasilitas Utama dan Pendukung)'),(1169, '05', 204, 'Peningkatan Kapasitas SDM Pengelola Terminal Tipe B'),(1170, '01', 205, 'Penyusunan Rencana Pembangunan Terminal Penumpang Tipe A *****)'),(1171, '02', 205, 'Pembangunan Gedung Terminal Tipe A *****)'),(1172, '03', 205, 'Pengembangan Sarana dan Prasarana Terminal Tipe A *****)'),(1173, '04', 205, 'Rehabilitasi dan Pemeliharaan Terminal Tipe A (Fasilitas Utama dan Pendukung) *****)'),(1174, '05', 205, 'Peningkatan Kapasitas SDM Pengelola Terminal Tipe A *****)'),(1175, '01', 206, 'Penataan Manajemen dan Rekayasa Lalu Lintas Untuk Jaringan Jalan Provinsi'),(1176, '02', 206, 'Pengadaan, Pemasangan, Perbaikan dan Pemeliharaan Perlengkapan Jalan dalam rangka Manajemen dan Rekayasa Lalu Lintas'),(1177, '03', 206, 'Uji Coba dan Sosialisasi Pelaksanaan Manajemen dan Rekayasa Lalu Lintas untuk Jaringan Jalan Provinsi'),(1178, '04', 206, 'Pengawasan dan Pengendalian Efektivitas Pelaksanaan Kebijakan untuk Jalan Provinsi'),(1179, '05', 206, 'Forum Lalu Lintas dan Angkutan Jalan untuk Jaringan Jalan Provinsi'),(1180, '01', 207, 'Penetapan Kebijakan Tata Kelola Andalalin'),(1181, '02', 207, 'Peningkatan Kapasitas Penilai Andalalin'),(1182, '03', 207, 'Koordinasi dan Sinkronisasi Penilaian Hasil Andalalin'),(1183, '04', 207, 'Pengawasan Pelaksanaan Rekomendasi Andalalin'),(1184, '01', 208, 'Peningkatan Kapasitas Auditor dan Inspektor LLAJ'),(1185, '02', 208, 'Pelaksanaan Inspeksi, Audit dan Pemantauan Unit Pelaksana Uji Berkala Kendaraan Bermotor'),(1186, '03', 208, 'Pelaksanaan Inspeksi, Audit dan Pemantauan Terminal'),(1187, '04', 208, 'Pelaksanaan Inspeksi, Audit dan Pemantauan Pemenuhan Persyaratan Penyelenggaraan Kompetensi Pengemudi Kendaraan Bermotor Provinsi'),(1188, '05', 208, 'Pelaksanaan Inspeksi, Audit dan Pemantauan Sistem Manajemen Keselamatan Perusahaan Angkutan Umum'),(1189, '01', 209, 'Penyediaan Angkutan Umum untuk Jasa Angkutan Orang dan/atau Barang Antar Kota dalam 1 (satu) Daerah Provinsi'),(1190, '02', 209, 'Pengendalian dan Pengawasan Ketersediaan Angkutan Umum untuk Jasa Angkutan Orang dan/atau Barang Antar Kota dalam 1 (satu) Provinsi'),(1191, '01', 210, 'Perumusan Kebijakan Penetapan Kawasan Perkotaan untuk Angkutan Perkotaan Kewenangan Provinsi'),(1192, '02', 210, 'Sosialisasi dan Uji Coba Pelaksanaan Kebijakan Penetapan Kawasan Perkotaan untuk Angkutan Perkotaan Kewenangan Provinsi'),(1193, '01', 211, 'Perumusan Kebijakan Rencana Umum Jaringan Trayek Antarkota Kewenangan Provinsi'),(1194, '02', 211, 'Sosialisasi dan Uji Coba Pelaksanaan Kebijakan Rencana Umum Jaringan Trayek Antarkota Kewenangan Provinsi'),(1195, '01', 212, 'Perumusan Kebijakan Rencana Umum Jaringan Trayek Pedesaan Kewenangan Provinsi'),(1196, '02', 212, 'Sosialisasi dan Uji Coba Pelaksanaan Kebijakan Rencana Umum Jaringan Trayek Pedesaan Kewenangan Provinsi'),(1197, '01', 213, 'Perumusan Kebijakan Penetapan Wilayah Operasi Angkutan Orang dengan Menggunakan Taksi dalam Kawasan Perkotaan Kewenangan Provinsi'),(1198, '02', 213, 'Sosialisasi dan Uji Coba Pelaksanaan Kebijakan Penetapan Wilayah Operasi Angkutan Orang dengan Menggunakan Taksi dalam Kawasan Perkotaan Kewenangan Provinsi'),(1199, '01', 214, 'Fasilitasi Pemenuhan Persyaratan Perolehan Izin Penyelenggaraan Angkutan Orang dalam Trayek Kewenangan Provinsi dalam Sistem Pelayanan Perizinan Berusaha Terintegrasi Secara Elektronik'),(1200, '02', 214, 'Koordinasi dan Sinkronisasi Pengawasan Pelaksanaan Izin Penyelenggaraan Angkutan Orang dalam Trayek Kewenangan Provinsi'),(1201, '01', 215, 'Fasilitasi Pemenuhan Persyaratan Perolehan Izin Penyelenggaraan Angkutan Taksi yang Wilayah Operasinya Kewenangan Provinsi dalam Sistem Pelayanan Perizinan Berusaha Terintegrasi Secara Elektronik'),(1202, '02', 215, 'Koordinasi dan Sinkronisasi Pengawasan Pelaksanaan Izin Penyelenggaraan Angkutan Taksi yang Wilayah Operasinya Kewenangan Provinsi'),(1203, '01', 216, 'Analisis Tarif Kelas Ekonomi Angkutan Orang dan Angkutan Perkotaan dan Perdesaan dalam 1(satu) Daerah Provinsi'),(1204, '02', 216, 'Penyediaan Data dan Informasi Tarif Kelas Ekonomi Angkutan Orang dan Angkutan Perkotaan dan Perdesaan dalam 1(satu) Daerah Provinsi'),(1205, '03', 216, 'Pengendalian dan Pengawasan Tarif Kelas Ekonomi Angkutan Orang dan Angkutan Perkotaan dan Perdesaan dalam 1(satu) Daerah Provinsi'),(1206, '01', 217, 'Fasilitasi Pemenuhan Persyaratan Perolehan Izin Usaha Angkutan Laut Kewenangan Provinsi dalam Sistem Pelayanan Perizinan Berusaha Terintegrasi Secara Elektronik'),(1207, '02', 217, 'Koordinasi dan Sinkronisasi Pengawasan Pelaksanaan Izin Usaha Angkutan Laut Kewenangan Provinsi'),(1208, '01', 218, 'Fasilitasi Pemenuhan Persyaratan Perolehan Izin Angkutan Laut Pelayaran Rakyat Kewenangan Provinsi dalam Sistem Pelayanan Perizinan Berusaha Terintegrasi Secara Elektronik'),(1209, '02', 218, 'Koordinasi dan Sinkronisasi Pengawasan Pelaksanaan Izin Usaha Angkutan Laut Pelayaran Rakyat Kewenangan Provinsi'),(1210, '01', 219, 'Fasilitasi Pemenuhan Persyaratan Perolehan Izinangkutan Sungai dan Danau untuk Kapal yang Melayani Trayek Kewenangan Provinsi dalam Sistem Pelayanan Perizinan Berusaha Terintegrasi Secara Elektronik'),(1211, '02', 219, 'Koordinasi dan Sinkronisasi Pengawasan Pelaksanaan Izin Usaha Angkutan Sungai dan Danau Untuk Kapal yang Melayani Trayek Kewenangan Provinsi'),(1212, '01', 220, 'Penyediaan Data dan Informasi Jaringan Lintas Penyeberangan dan Persetujuan Pengoperasian Kapal antar Daerah Kabupaten/Kota dalam Daerah Provinsi pada Jaringan Jalan Provinsi dan/atau Jaringan Jalur Kereta Api Provinsi'),(1213, '01', 221, 'Penyediaan Data dan Informasi Jaringan Lintas Penyeberangan dan Persetujuan Pengoperasian Kapal Penyeberangan Lintas Pelabuhan antar Daerah Kabupaten/Kota dalam Daerah Provinsi'),(1214, '02', 221, 'Pengendalian dan Pengawasan Jaringan Lintas Penyeberangan dan Persetujuan Pengoperasian Kapal Penyeberangan Lintas Pelabuhan antar Daerah Kabupaten/Kota dalam Daerah Provinsi'),(1215, '01', 222, 'Fasilitasi Pemenuhan Persyaratan Perolehan Izin Usaha Jasa Terkait Berupa Bongkar Muat Barang, Jasa Pengurusan Transportasi, Angkutan Perairan Pelabuhan, Penyewaan Peralatan Angkutan Laut atau Peralatan Jasa Terkait dengan Angkutan Laut, Tally Mandiri, dan Depo Peti Kemas dalam Sistem Pelayanan Perizinan Berusaha Terintegrasi Secara Elektronik'),(1216, '02', 222, 'Koordinasi dan Sinkronisasi Pengawasan Pelaksanaan Izin Usaha Jasa Terkait Berupa Bongkar Muat Barang, Jasa Pengurusan Transportasi, Angkutan Perairan Pelabuhan, Penyewaan Peralatan Angkutan Laut atau Peralatan Jasa Terkait dengan Angkutan Laut, Tally Mandiri, dan Depo Peti Kemas'),(1217, '01', 223, 'Analisis Tarif Angkutan Penyeberangan Penumpang Kelas Ekonomi dan Kendaraan Beserta Muatannya pada Lintas Penyeberangan antar Daerah Kabupaten/Kota'),(1218, '02', 223, 'Penyediaan Data dan Informasi Tarif Angkutan Penyeberangan Penumpang Kelas Ekonomi dan Kendaraan Beserta Muatannya pada Lintas Penyeberangan antar Daerah Kabupaten/Kota'),(1219, '03', 223, 'Pengendalian dan Pengawasan Tarif Angkutan Penyeberangan Penumpang Kelas Ekonomi dan Kendaraan Beserta Muatannya pada Lintas Penyeberangan antar Daerah Kabupaten/Kota'),(1220, '01', 224, 'Pelaksanaan Penyusunan Rencana Induk dan Daerah Lingkungan Kerja (DLKR)/Daerah Lingkungan Kepentingan (DLKP) Pelabuhan Pengumpan Regional'),(1221, '02', 224, 'Penetapan Kebijakan dan Sosialisasi Rencana Induk dan Daerah Lingkungan Kerja (DLKR)/Daerah Lingkungan Kepentingan (DLKP) Pelabuhan Pengumpan Regional'),(1222, '03', 224, 'Pengendalian Pelaksanaan Rencana Induk dan Daerah Lingkungan Kerja (DLKR)/Daerah Lingkungan Kepentingan (DLKP) Pelabuhan Pengumpan Regional'),(1223, '01', 225, 'Fasilitasi Pemenuhan Persyaratan Perizinan Pembangunan dan Pengoperasian Pelabuhan Pengumpan Regional'),(1224, '02', 225, 'Pembangunan Pelabuhan Pengumpan Regional'),(1225, '03', 225, 'Pengoperasian dan Pemeliharaan Pelabuhan Pengumpan Regional'),(1226, '04', 225, 'Pengawasan Pengoperasian Pelabuhan Pengumpan Regional'),(1227, '01', 226, 'Fasilitasi Pemenuhan Persyaratan Perizinan Pelabuhan Sungai dan Danau yang Melayani Trayek Lintas Daerah Kabupaten/Kota dalam 1 (satu) Daerah Provinsi'),(1228, '02', 226, 'Pembangunan Pelabuhan Sungai dan Danau yang Melayani Trayek Lintas Daerah Kabupaten/Kota dalam 1 (satu) Daerah Provinsi'),(1229, '03', 226, 'Pengoperasian dan Pemeliharaan Pelabuhan Sungai dan Danau yang Melayani Trayek Lintas Daerah Kabupaten/Kota dalam 1 (satu) Daerah Provinsi'),(1230, '04', 226, 'Pengawasan Pengoperasian Pelabuhan Sungai dan danau yang Melayani Trayek Lintas Daerah Kabupaten/Kota dalam 1 (satu) Daerah Provinsi'),(1231, '01', 227, 'Fasilitasi Pemenuhan Persyaratan Perolehan Izin Usaha untuk Badan Usaha Pelabuhan di Pelabuhan Pengumpan Regional dalam Sistem Pelayanan Perizinan Berusaha Terintegrasi Secara Elektronik'),(1232, '02', 227, 'Koordinasi dan Sinkronisasi Pengawasan Pelaksanaan Izin untuk Badan Usaha Pelabuhan di Pelabuhan Pengumpan Regional'),(1233, '01', 228, 'Fasilitasi Pemenuhan Persyaratan Perolehan Izin Pengembangan Pelabuhan untuk Pelabuhan Pengumpan Regional dalam Sistem Pelayanan Perizinan Berusaha Terintegrasi Secara Elektronik'),(1234, '02', 228, 'Koordinasi dan Sinkronisasi Pengawasan Pelaksanaan Izin Pengembangan Pelabuhan Untuk Pelabuhan Pengumpan Regional'),(1235, '01', 229, 'Fasilitasi Pemenuhan Persyaratan Perolehan Izin Pengoperasian Pelabuhan Selama 24 Jam untuk Pelabuhan Pengumpan Regional Dalam Sistem Pelayanan Perizinan Berusaha Terintegrasi Secara Elektronik'),(1236, '02', 229, 'Koordinasi dan Sinkronisasi Pengawasan Pelaksanaan Izin Usaha Pengoperasian Pelabuhan Selama 24 Jam untuk Pelabuhan Pengumpan Regional'),(1237, '01', 230, 'Fasilitasi Pemenuhan Persyaratan Perolehan Izin Pekerjaan Pengerukan di Wilayah Perairan Pelabuhan Pengumpan Regional dalam Sistem Pelayanan Perizinan Berusaha Terintegrasi Secara Elektronik'),(1238, '02', 230, 'Koordinasi dan Sinkronisasi Pengawasan Pelaksanaan Izin Pekerjaan Pengerukan di Wilayah Perairan Pelabuhan Pengumpan Regional'),(1239, '01', 231, 'Fasilitasi Pemenuhan Persyaratan Perolehan Izin Reklamasi di Wilayah Perairan Pelabuhan Pengumpan Regional dalam Sistem Pelayanan Perizinan Berusaha Terintegrasi Secara Elektronik'),(1240, '02', 231, 'Koordinasi dan Sinkronisasi Pengawasan Pelaksanaan Izin Reklamasi di Wilayah Perairan Pelabuhan Pengumpan Regional'),(1241, '01', 232, 'Fasilitasi Pemenuhan Persyaratan Perolehan Izin Pengelolaan Terminal untuk Kepentingan Sendiri (TUKS) di dalam DLKR/DLKP Pelabuhan Pengumpan Regional dalam Sistem Pelayanan Perizinan Berusaha Terintegrasi Secara Elektronik'),(1242, '02', 232, 'Koordinasi dan Sinkronisasi Pengawasan Pelaksanaan Izin Pengelolaan Terminal untuk Kepentingan Sendiri (TUKS) di dalam DLKR/DLKP Pelabuhan Pengumpan Regional'),(1243, '01', 233, 'Pelaksanaan Penyusunan Rencana Induk Perkeretaapian'),(1244, '02', 233, 'Penetapan Kebijakan dan Sosialisasi Rencana Induk Perkeretaapian'),(1245, '03', 233, 'Pengendalian Pelaksanaan Rencana Induk Perkeretaapian'),(1246, '01', 234, 'Fasilitasi Pemenuhan Persyaratan Perolehan Izin Usaha, Izin Pembangunan dan Izin Operasi Prasarana Perkeretaapian Umum yang Jaringan Jalurnya Melintasi Batas Daerah dalam Sistem Pelayanan Perizinan Berusaha Terintegrasi Secara Elektronik'),(1247, '02', 234, 'Koordinasi dan Sinkronisasi Pengawasan Pelaksanaan Izin Usaha, Izin Pembangunan dan Izin Operasi Prasarana Perkeretaapian Umum yang Jaringan Jalurnya Melintasi Batas Daerah'),(1248, '01', 235, 'Perumusan Kebijakan Penetapan Jaringan Jalur Kereta Api yang Jaringannya Kewenangan Provinsi'),(1249, '02', 235, 'Sosialisasi dan Uji Coba Pelaksanaan Kebijakan Penetapan Jaringan Jalur Kereta Api yang Jaringannya Kewenangan Provinsi'),(1250, '01', 236, 'Perumusan Kebijakan Penetapan Kelas Stasiun untuk Stasiun pada Jaringan Jalur Kereta Api Provinsi'),(1251, '01', 237, 'Fasilitasi Pemenuhan Persyaratan Perolehan Izin Operasi Sarana Perkeretaapian Umum yang Jaringan Jalurnya Menjadi Kewenangan Provinsi dalam Sistem Pelayanan Perizinan Berusaha Terintegrasi Secara Elektronik'),(1252, '02', 237, 'Koordinasi dan Sinkronisasi Pengawasan Pelaksanaan Izin Operasi Sarana Perkeretaapian Umum yang Jaringan Jalurnya Menjadi Kewenangan Provinsi'),(1253, '01', 238, 'Perumusan kebijakan Penetapan Jaringan Pelayanan Perkeretaapian pada Jaringan Jalur Perkeretaapian Kewenangan Provinsi'),(1254, '02', 238, 'Sosialisasi dan Uji Coba Pelaksanaan Kebijakan Penetapan Jaringan Pelayanan Perkeretaapian pada Jaringan Jalur Perkeretaapian Kewenangan Provinsi'),(1255, '01', 239, 'Fasilitasi Pemenuhan Persyaratan Perolehan Izin Pengadaan atau Pembangunan Perkeretaapian Khusus, Izin Operasi, dan Penetapan Jalur Kereta Api Khusus yang Jaringannya Menjadi Kewenangan Provinsi dalam Sistem Pelayanan Perizinan Berusaha Terintegrasi Secar'),(1256, '02', 239, 'Koordinasi dan Sinkronisasi Pengawasan Pelaksanaan Izin Pengadaan atau Pembangunan Perkeretaapian Khusus, Izin Operasi, dan Penetapan Jalur Kereta Api Khusus yang Jaringannya Menjadi Kewenangan Provinsi');
UNLOCK TABLES;
COMMIT;
BEGIN;
LOCK TABLES `db_sitemon`.`tb_tahapankak` WRITE;
DELETE FROM `db_sitemon`.`tb_tahapankak`;
UNLOCK TABLES;
COMMIT;
BEGIN;
LOCK TABLES `db_sitemon`.`tb_urusan_daerah` WRITE;
DELETE FROM `db_sitemon`.`tb_urusan_daerah`;
INSERT INTO `db_sitemon`.`tb_urusan_daerah` (`id_urusan`,`kode_urusan`,`urusan`) VALUES (17, '2.15', 'URUSAN PEMERINTAHAN BIDANG PERHUBUNGAN'),(63, 'XX.X', NULL);
UNLOCK TABLES;
COMMIT;
BEGIN;
LOCK TABLES `db_sitemon`.`users` WRITE;
DELETE FROM `db_sitemon`.`users`;
INSERT INTO `db_sitemon`.`users` (`id`,`email`,`username`,`fullname`,`user_image`,`password_hash`,`reset_hash`,`reset_at`,`reset_expires`,`activate_hash`,`status`,`status_message`,`active`,`force_pass_reset`,`created_at`,`updated_at`,`deleted_at`,`id_bidangbalai`) VALUES (3, 'apnovaldi@gmail.com', '197910192001121002', NULL, 'user_image.jpg', '$2y$10$Js2A2tTLmync4G/4pEukeO2yK/J902kWUjC9Rplu.mrFAHRe3LQlK', NULL, NULL, NULL, NULL, NULL, NULL, 1, 0, '2022-06-14 22:48:10', '2022-06-14 22:48:10', NULL, NULL),(4, 'ademnaturall@icloud.com', '196506141991031005', NULL, 'user_image.jpg', '$2y$10$TeCYrPqlJBukHf.5yBOvm.vQ95MzzIPptkrEQQcsKF5/Hh7Kjr7z2', NULL, NULL, NULL, NULL, NULL, NULL, 1, 0, '2022-06-15 00:25:46', '2022-06-15 00:25:46', NULL, NULL),(5, 'gesangkers22@gmail.com', '1234567890', NULL, 'user_image.jpg', '$2y$10$jjxd0wj10e6MboRFSsgcTe5KECK0RqsGWvINIep4VMZPxCKY2L4IG', NULL, NULL, NULL, NULL, NULL, NULL, 1, 0, '2022-06-15 00:41:20', '2022-06-15 00:41:20', NULL, NULL);
UNLOCK TABLES;
COMMIT;
